0,UNK
1,001
2,01st
3,10
4,100
5,10g
6,11
7,11g
8,12
9,125
10,13
11,14
12,15
13,150
14,18th
15,19
16,1st
17,2000
18,2003
19,2004
20,2005
21,2007
22,2008
23,2010
24,2011
25,2012
26,2013
27,2014
28,2015
29,2016
30,21st
31,24th
32,2nd
33,34
34,365
35,3d
36,40
37,400
38,56
39,5yrs
40,600
41,696
42,7000
43,78
44,80
45,83
46,90
47,913
48,919545
49,95
50,98
51,9i
52,abilities
53,ability
54,able
55,about
56,above
57,abridgement
58,absorb
59,abu
60,academic
61,academics
62,accelerating
63,accelerator
64,acceptance
65,access
66,accessibility
67,accessible
68,accomplish
69,accomplished
70,accomplishments
71,account
72,accounts
73,achieve
74,achieved
75,achievement
76,achieving
77,acquire
78,acquired
79,acquisition
80,across
81,actimize
82,action
83,active
84,actively
85,activities
86,acumen
87,ad
88,adapt
89,adaptable
90,adaptation
91,adapters
92,adapting
93,adas
94,adc
95,add
96,adding
97,addition
98,additional
99,adept
100,adeptness
101,adherence
102,aditi
103,adjust
104,admin
105,administering
106,administration
107,administrative
108,administrator
109,ado
110,adopt
111,adroit
112,adroitent
113,ads
114,advance
115,advanced
116,advancement
117,advancing
118,advertising
119,advisory
120,ag
121,against
122,aggregate
123,aggressive
124,agile
125,agility
126,agreed
127,agreement
128,aiming
129,airpush
130,ajax
131,algolia
132,algorithm
133,algorithms
134,aligned
135,all
136,allowing
137,allows
138,allsight
139,almost
140,along
141,already
142,also
143,altimetrik
144,always
145,am
146,amazon
147,ambitious
148,amdocs
149,ameliorate
150,amicus
151,aml
152,amount
153,ample
154,an
155,analysing
156,analysis
157,analyst
158,analytic
159,analytical
160,analytics
161,analyze
162,analyzed
163,analyzing
164,and
165,android
166,angualr
167,angular
168,angularjs
169,animation
170,ankit
171,ann
172,anova
173,ant
174,anti
175,any
176,aop
177,apac
178,apache
179,api
180,apis
181,apk
182,app
183,appium
184,apple
185,appliances
186,application
187,applications
188,applied
189,apply
190,applying
191,appreciated
192,appreciations
193,approach
194,approaches
195,appropriate
196,approx
197,approximate
198,approximately
199,apps
200,appstore
201,april
202,arab
203,archana
204,architect
205,architecture
206,architectures
207,are
208,area
209,areas
210,arima
211,arivalagan
212,arivanantham
213,arm
214,around
215,art
216,articles
217,articulate
218,articulates
219,as
220,ashok
221,asia
222,asn1
223,asp
224,aspect
225,aspects
226,aspire
227,aspiring
228,assembly
229,assessment
230,asset
231,assets
232,assigned
233,assignments
234,assimilate
235,assistance
236,assisting
237,associate
238,associated
239,assurance
240,at
241,atg
242,atg10
243,atg9
244,atl
245,atlassian
246,atmosphere
247,atos
248,attacks
249,attain
250,attended
251,attending
252,attitude
253,audio
254,audits
255,aug
256,august
257,authentication
258,authentick
259,authority
260,authors
261,auto
262,autolayouts
263,automate
264,automated
265,automating
266,automation
267,automotive
268,autopilot
269,availability
270,available
271,avid
272,awarded
273,awards
274,aware
275,aws
276,azure
277,b2b
278,b2c
279,back
280,backbone
281,backend
282,background
283,backgrounds
284,backup
285,backups
286,balancer
287,balancers
288,balsamiq
289,bandwidth
290,bangalore
291,bangladesh
292,bank
293,banking
294,barcode
295,bare
296,base
297,based
298,baselines
299,basic
300,basis
301,bcc
302,be
303,beans
304,become
305,been
306,before
307,behalf
308,being
309,belgium
310,believe
311,believes
312,below
313,belt
314,bench
315,beneficial
316,benefit
317,benefits
318,berlin
319,beside
320,besides
321,best
322,beta
323,better
324,betterment
325,betting
326,beyond
327,bfsi
328,bgw
329,bharti
330,bi
331,big
332,bigdata
333,binary
334,bio
335,bitbucket
336,blackberry
337,blacklisted
338,blend
339,blob
340,blockseek
341,blogs
342,boost
343,boosting
344,bootstrap
345,bop
346,border
347,bot
348,both
349,bottom
350,box
351,bpel
352,branches
353,branching
354,branding
355,breadth
356,bridge
357,bright
358,bring
359,bringing
360,broadband
361,broadcast
362,broadvision
363,browser
364,brushing
365,bsb
366,buffer
367,bug
368,bugs
369,bugzilla
370,build
371,builder
372,building
373,builds
374,built
375,bulk
376,bulk_exception
377,bus
378,business
379,but
380,buzz
381,by
382,ca
383,cache
384,caching
385,cad
386,call
387,called
388,calling
389,calsoftlabs
390,campaign
391,can
392,candidature
393,capabilities
394,capability
395,capable
396,capacity
397,capillarytech
398,care
399,career
400,carrier
401,carrying
402,cart
403,cas
404,case
405,cases
406,cash
407,cassandra
408,categorization
409,catia
410,cd
411,cdac
412,cdd
413,cdh
414,ce
415,center
416,centric
417,cerner
418,certificate
419,certification
420,certified
421,cgpa
422,chaid
423,chain
424,challenge
425,challenges
426,challenging
427,chance
428,change
429,changed
430,changing
431,charging
432,chat
433,check
434,checking
435,checks
436,chennai
437,chief
438,child
439,ci
440,cisco
441,citrix
442,class
443,classification
444,clean
445,clear
446,clearly
447,client
448,clients
449,close
450,closely
451,closing
452,cloud
453,cloudera
454,cloudplatform
455,cloudstack
456,cluster
457,clustering
458,clusters
459,cms
460,co
461,cocoa
462,cocos2dx
463,code
464,coder
465,codes
466,coding
467,coherence
468,cohesively
469,cold
470,collaborated
471,collaborates
472,collaborating
473,collaboration
474,collaborative
475,collating
476,colleagues
477,collect
478,collecting
479,collection
480,collections
481,college
482,com
483,combination
484,combined
485,come
486,command
487,commensurate
488,commerce
489,commercial
490,commitment
491,committed
492,communicate
493,communicating
494,communication
495,communicative
496,communicator
497,communities
498,community
499,compact
500,companies
501,company
502,compatibility
503,competencies
504,competency
505,competent
506,competently
507,competing
508,competitive
509,complete
510,completed
511,completely
512,completion
513,complex
514,compliance
515,compliant
516,components
517,comprehend
518,comprehensive
519,comprising
520,compute
521,computer
522,computers
523,computing
524,concept
525,concepts
526,conceptual
527,concerns
528,conclusions
529,concurrency
530,conducted
531,conducting
532,conductive
533,conferences
534,confident
535,configuration
536,configurations
537,configuring
538,confluence
539,conjunction
540,connectid
541,connector
542,conscious
543,considerations
544,consignment
545,consist
546,consistent
547,consisting
548,consolidation
549,constantly
550,constitutes
551,constraints
552,consultancy
553,consultant
554,consulting
555,contact
556,context
557,continued
558,continuity
559,continuous
560,continuously
561,contract
562,contracting
563,contribute
564,contribution
565,contributor
566,control
567,controller
568,controllers
569,controls
570,convergence
571,converging
572,conversion
573,converting
574,conviction
575,coordinating
576,coordinator
577,cordial
578,cordova
579,cordys
580,core
581,coredata
582,corporate
583,corporation
584,corresponding
585,cost
586,costrategix
587,could
588,countries
589,country
590,coupled
591,coupons
592,course
593,cpu
594,cq
595,cr
596,crash
597,create
598,created
599,creating
600,creation
601,creative
602,creatively
603,creativity
604,credit
605,critical
606,crm
607,cronjobs
608,cross
609,cs
610,csc
611,css
612,css2
613,css3
614,csv
615,cudac
616,culminating
617,cultural
618,culture
619,currency
620,current
621,currently
622,cursor
623,cursors
624,custom
625,customer
626,customers
627,customization
628,customized
629,customizing
630,customs
631,cutting
632,cvs
633,cxf
634,cycle
635,d3
636,dabc
637,daily
638,dashboarding
639,data
640,database
641,databases
642,datacenters
643,date
644,day
645,days
646,db
647,db2
648,dbs
649,deadlines
650,deals
651,debugging
652,dec
653,decision
654,decisive
655,decomposition
656,dedicated
657,dedication
658,deep
659,deeper
660,defect
661,defects
662,defined
663,definition
664,delhi
665,deliver
666,deliverable
667,deliverables
668,delivered
669,deliveries
670,delivering
671,delivery
672,demand
673,demanding
674,demonstrated
675,demonstrates
676,demonstrations
677,dependencies
678,deploy
679,deployed
680,deploying
681,deployment
682,deployments
683,depth
684,derivatives
685,design
686,designation
687,designed
688,designer
689,designing
690,designs
691,desired
692,desk
693,desktop
694,detail
695,detailed
696,detecting
697,determine
698,dev
699,develop
700,developed
701,developer
702,developers
703,developing
704,development
705,device
706,devices
707,devops
708,dhabi
709,dia
710,different
711,diligent
712,diploma
713,direct
714,direction
715,directly
716,director
717,directors
718,disaster
719,disciplined
720,disclosures
721,discovery
722,discussion
723,disk
724,disseminate
725,distinction
726,distributed
727,distribution
728,distributor
729,diverse
730,diversify
731,division
732,django
733,dmrc
734,do
735,document
736,documentation
737,documentations
738,documented
739,documents
740,documentum
741,doing
742,dojo
743,domain
744,domains
745,done
746,dot
747,downstream
748,dr
749,draw
750,drawing
751,drawings
752,drill
753,drive
754,driven
755,driver
756,drs
757,drug
758,dubai
759,during
760,duties
761,dynamic
762,dynamics
763,dynamism
764,dynamo
765,dynamodb
766,e20
767,each
768,eager
769,earlier
770,early
771,earn
772,earned
773,ease
774,easier
775,echo
776,eclipse
777,ecommerce
778,ecosystem
779,edge
780,education
781,educational
782,effective
783,effectively
784,effectiveness
785,efficiency
786,efficient
787,efficiently
788,effort
789,efforts
790,eighteen
791,either
792,ejb
793,elasticsearch
794,electrical
795,electron
796,electronics
797,elegant
798,email
799,embargo
800,embedded
801,emc
802,emm
803,emphasis
804,employee
805,employees
806,employer
807,enable
808,enabled
809,enables
810,enabling
811,encompasses
812,encompassing
813,encourages
814,encryption
815,end
816,endeca
817,energy
818,engaged
819,engagements
820,engine
821,engineer
822,engineering
823,engineers
824,enhance
825,enhancement
826,enhancements
827,enhancing
828,enjoy
829,enjoyable
830,enjoys
831,enriched
832,enriching
833,enrichment
834,ensemble
835,ensure
836,ensured
837,enterprise
838,enterprises
839,enthusiasm
840,enthusiast
841,enthusiastic
842,entire
843,entities
844,entity
845,entrepreneur
846,environment
847,environments
848,enyo
849,eol
850,equifax
851,equipped
852,ericsson
853,error
854,errors
855,escalated
856,escalations
857,especially
858,establish
859,established
860,esteemed
861,esx
862,etc
863,ethics
864,etl
865,european
866,evaluate
867,evaluating
868,events
869,ever
870,every
871,evolutions
872,evolve
873,ex
874,exceed
875,excel
876,excellence
877,excellent
878,exception
879,exceptional
880,exciting
881,execute
882,executing
883,execution
884,executive
885,exemplary
886,exhibit
887,exhibiting
888,exhibition
889,exigent
890,existing
891,expand
892,expansion
893,expectations
894,experience
895,experienced
896,experiences
897,experiment
898,experince
899,expert
900,expertise
901,expertize
902,exploit
903,exploratory
904,explore
905,explores
906,exploring
907,exports
908,expose
909,exposure
910,expressjs
911,extending
912,extendsim
913,extensions
914,extensive
915,extensively
916,extent
917,external
918,extract
919,extraction
920,eye
921,fa
922,face
923,facebook
924,faced
925,faceted
926,facets
927,facilitating
928,facility
929,factory
930,fair
931,familiar
932,familiarity
933,far
934,faridabad
935,fast
936,fastest
937,feasibility
938,features
939,feb
940,february
941,fellow
942,fiddler
943,fides
944,field
945,fields
946,file
947,filed
948,files
949,filtering
950,finance
951,financial
952,finding
953,findings
954,fine
955,firebug
956,firewall
957,firm
958,first
959,five
960,fixed
961,fixes
962,fixing
963,fixture
964,flagship
965,flat
966,flexibility
967,flexible
968,flourish
969,flow
970,fluency
971,fluent
972,flume
973,flurry
974,fmc
975,fmw
976,focus
977,focused
978,focusing
979,follow
980,followed
981,following
982,food
983,for
984,forall
985,forecasting
986,forever
987,form
988,formation
989,formulation
990,fortune
991,forward
992,foundation
993,frame
994,framework
995,frameworks
996,france
997,freedom
998,freelance
999,fresher
1000,friendly
1001,from
1002,front
1003,frontend
1004,full
1005,fullest
1006,fully
1007,fun
1008,functional
1009,functionalities
1010,functionality
1011,functions
1012,further
1013,fusion
1014,future
1015,gain
1016,gained
1017,gaining
1018,galaxy
1019,game
1020,games
1021,gamification
1022,gamut
1023,gandhinagar
1024,gap
1025,gateway
1026,gathering
1027,gave
1028,gd
1029,ge
1030,general
1031,generation
1032,genuine
1033,geography
1034,germany
1035,gestures
1036,get
1037,getting
1038,git
1039,github
1040,give
1041,gives
1042,giving
1043,global
1044,gmail
1045,goal
1046,goals
1047,going
1048,goldman
1049,good
1050,goods
1051,google
1052,got
1053,gpa
1054,gprs
1055,gpu
1056,grabbing
1057,gradation
1058,grade
1059,gradle
1060,graduate
1061,graduated
1062,graph
1063,graphics
1064,grasp
1065,grasping
1066,great
1067,greater
1068,greatest
1069,green
1070,grid
1071,ground
1072,group
1073,groups
1074,grow
1075,growing
1076,growth
1077,gts
1078,gui
1079,guidelines
1080,guiding
1081,guis
1082,gulp
1083,gurgaon
1084,guy
1085,gwt
1086,ha
1087,had
1088,hadoop
1089,hair
1090,hand
1091,handheld
1092,handle
1093,handled
1094,handling
1095,hands
1096,handsets
1097,harbinger
1098,hard
1099,hardening
1100,hardware
1101,hardworking
1102,harnessed
1103,has
1104,have
1105,having
1106,hbase
1107,hdfs
1108,headhunted
1109,heading
1110,health
1111,healthcare
1112,healthy
1113,heidelberg
1114,heights
1115,help
1116,helped
1117,helps
1118,hence
1119,here
1120,heymath
1121,hi
1122,hibernate
1123,hierarchical
1124,hierarchy
1125,high
1126,higher
1127,highlights
1128,highly
1129,hilti
1130,him
1131,hindustan
1132,hints
1133,hipaa
1134,hires
1135,his
1136,hit
1137,hive
1138,hmc
1139,hockeyapp
1140,holding
1141,holds
1142,honed
1143,honeywell
1144,hong
1145,horizon
1146,horizons
1147,hosting
1148,hosts
1149,house
1150,hp
1151,hpov
1152,hr
1153,hsc
1154,html
1155,html5
1156,http
1157,hubs
1158,hul
1159,human
1160,hybrid
1161,hybris
1162,hyderabad
1163,hyperv
1164,hypervisors
1165,hypotheses
1166,hypothesis
1167,ibatis
1168,ic
1169,ics
1170,ict
1171,ide
1172,idea
1173,ideas
1174,identify
1175,identity
1176,ides
1177,idoc
1178,if
1179,ig
1180,iit
1181,illustration
1182,imbibe
1183,imbibed
1184,impart
1185,impex
1186,implement
1187,implementation
1188,implemented
1189,implementing
1190,imports
1191,improve
1192,improvement
1193,improvements
1194,improving
1195,improvise
1196,imputation
1197,in
1198,incident
1199,include
1200,includes
1201,including
1202,incorporated
1203,increase
1204,increases
1205,incubation
1206,incuding
1207,independent
1208,independently
1209,index
1210,indexed
1211,indexes
1212,indexing
1213,india
1214,indian
1215,indifferent
1216,individual
1217,individuality
1218,individually
1219,individuals
1220,induction
1221,industrial
1222,industries
1223,industrious
1224,industry
1225,infinera
1226,influenced
1227,information
1228,infosys
1229,infotech
1230,infotrellis
1231,infoview
1232,infrastructure
1233,infuse
1234,initially
1235,initiation
1236,initiative
1237,initiatives
1238,injection
1239,inmobi
1240,innovation
1241,innovative
1242,inquisitive
1243,insight
1244,insights
1245,inspector
1246,installation
1247,installing
1248,instances
1249,institute
1250,institution
1251,insurance
1252,integra
1253,integral
1254,integrate
1255,integrating
1256,integration
1257,intelligence
1258,intelligent
1259,intellij
1260,intend
1261,inter
1262,interact
1263,interacting
1264,interaction
1265,interactions
1266,interactive
1267,interest
1268,interested
1269,interesting
1270,interests
1271,interface
1272,interfaces
1273,intermediate
1274,intern
1275,internal
1276,international
1277,internet
1278,internship
1279,interpersonal
1280,interval
1281,interviewing
1282,into
1283,intouch
1284,intranet
1285,intro
1286,invention
1287,inventory
1288,involved
1289,involvement
1290,involves
1291,involving
1292,ioc
1293,ionization
1294,ios
1295,ip
1296,ipaas
1297,ipad
1298,iphone
1299,ipod
1300,iptv
1301,iron
1302,is
1303,ism
1304,issue
1305,issues
1306,it
1307,items
1308,iterative
1309,ites
1310,its
1311,ivr
1312,ivtl
1313,j2ee
1314,jabber
1315,jabong
1316,jain
1317,jakarta
1318,jan
1319,jank
1320,january
1321,jasmine
1322,java
1323,javafx
1324,javascript
1325,jaxb
1326,jaxws
1327,jboss
1328,jca
1329,jconsole
1330,jdbc
1331,jena
1332,jenkins
1333,jersey
1334,jersy
1335,jindal
1336,jira
1337,jmeter
1338,jmx
1339,jndi
1340,jni
1341,job
1342,jobs
1343,join
1344,joined
1345,joiners
1346,joining
1347,jolad
1348,jpa
1349,jqgrid
1350,jquery
1351,jquerymobile
1352,js
1353,jsf
1354,json
1355,jsp
1356,judiciously
1357,july
1358,jun
1359,june
1360,junior
1361,juniper
1362,junit
1363,junits
1364,kanban
1365,karma
1366,karnataka
1367,keen
1368,keeping
1369,kerberos
1370,key
1371,kinds
1372,knack
1373,knowing
1374,knowledge
1375,known
1376,kong
1377,korea
1378,labs
1379,lamp
1380,landing
1381,language
1382,languages
1383,large
1384,largest
1385,last
1386,lasting
1387,latest
1388,laundering
1389,lay
1390,layer
1391,layer1
1392,layouts
1393,lb
1394,ldap
1395,lead
1396,leader
1397,leadership
1398,leading
1399,leandesk
1400,learn
1401,learned
1402,learner
1403,learning
1404,legal
1405,less
1406,level
1407,levels
1408,leverage
1409,leveraging
1410,lfs
1411,lg
1412,libc
1413,libcrypto
1414,libraries
1415,library
1416,libssl
1417,libxml
1418,life
1419,lifecycle
1420,lifecycles
1421,light
1422,like
1423,limited
1424,line
1425,linear
1426,link
1427,linkedin
1428,linq
1429,linux
1430,list
1431,listed
1432,listen
1433,listener
1434,lists
1435,lite
1436,lithasa
1437,load
1438,loader
1439,location
1440,locations
1441,log
1442,logging
1443,logic
1444,logical
1445,logistics
1446,london
1447,long
1448,look
1449,looking
1450,lot
1451,love
1452,lover
1453,loving
1454,low
1455,loyola
1456,ltd
1457,lucene
1458,machine
1459,macos
1460,magento
1461,mahout
1462,main
1463,mainly
1464,maintain
1465,maintainable
1466,maintained
1467,maintaining
1468,maintenance
1469,major
1470,make
1471,making
1472,malaysia
1473,manage
1474,managed
1475,management
1476,manager
1477,managers
1478,managing
1479,mandated
1480,manner
1481,mantas
1482,manual
1483,manufacturing
1484,many
1485,map
1486,mapdb
1487,mapreduce
1488,maps
1489,mar
1490,march
1491,market
1492,marketing
1493,markets
1494,marking
1495,markov
1496,marks
1497,maryland
1498,mass
1499,master
1500,masters
1501,matches
1502,material
1503,mathematics
1504,matter
1505,maven
1506,max
1507,maximization
1508,maximize
1509,maximum
1510,may
1511,mba
1512,mbed
1513,mca
1514,me
1515,meaningful
1516,means
1517,measure
1518,mechanical
1519,media
1520,mediator
1521,medical
1522,medium
1523,meerut
1524,meet
1525,meeting
1526,meetings
1527,member
1528,members
1529,memcache
1530,memory
1531,mentor
1532,mentoring
1533,merchandising
1534,merging
1535,messaging
1536,metasploits
1537,method
1538,methodically
1539,methodlogies
1540,methodologies
1541,methodology
1542,methods
1543,metro
1544,mfc
1545,mft
1546,micro
1547,microfinance
1548,microsoft
1549,mid
1550,middleware
1551,migrating
1552,migration
1553,million
1554,mind
1555,minimum
1556,mining
1557,missing
1558,mission
1559,mitigation
1560,mitigations
1561,mllib
1562,mm
1563,mobile
1564,mobiles
1565,mobility
1566,mockito
1567,mockups
1568,mode
1569,model
1570,modeling
1571,modelling
1572,models
1573,modifications
1574,modularity
1575,module
1576,modules
1577,mold
1578,money
1579,mongodb
1580,monitoring
1581,monkey
1582,month
1583,monthly
1584,months
1585,more
1586,most
1587,motivated
1588,motivating
1589,motivation
1590,motivator
1591,motto
1592,mould
1593,mountain
1594,movement
1595,movements
1596,mpls
1597,mr
1598,mrp
1599,ms
1600,mscripts
1601,mu
1602,mulitstore
1603,multi
1604,multicore
1605,multidisciplinary
1606,multilanguage
1607,multimedia
1608,multiple
1609,multithreaded
1610,multithreading
1611,multivariate
1612,multivendor
1613,multiwebsite
1614,mumbai
1615,music
1616,mutual
1617,mutually
1618,mvc
1619,mvp
1620,mvvm
1621,my
1622,mybatis
1623,myeclipse6
1624,myself
1625,mysql
1626,nas
1627,naukri
1628,ndk
1629,near
1630,nearest
1631,necessary
1632,needs
1633,negative
1634,negotiate
1635,negotiated
1636,negotiation
1637,neighbor
1638,neo4j
1639,net
1640,netapp
1641,netscaler
1642,network
1643,networking
1644,networks
1645,new
1646,newer
1647,newly
1648,nexpose
1649,next
1650,nginx
1651,nhibernate
1652,niche
1653,nio
1654,nlp
1655,no
1656,node
1657,nodejs
1658,noida
1659,noise
1660,nokia
1661,non
1662,north
1663,nosql
1664,not
1665,note
1666,notice
1667,notification
1668,notifications
1669,nov
1670,novel
1671,november
1672,now
1673,nt
1674,nucleus
1675,number
1676,numerical
1677,numerous
1678,nurturing
1679,nx
1680,object
1681,objective
1682,objectives
1683,objectorb
1684,objects
1685,obtain
1686,obtained
1687,oct
1688,octobe
1689,october
1690,of
1691,ofac
1692,off
1693,offer
1694,offering
1695,offerings
1696,offers
1697,office
1698,offline
1699,offshore
1700,offsite
1701,oldest
1702,on
1703,one
1704,online
1705,onsite
1706,oo
1707,ooa
1708,ooad
1709,ood
1710,oojs
1711,oop
1712,oops
1713,oozie
1714,open
1715,openlite
1716,opennlp
1717,opentext
1718,operating
1719,operation
1720,operational
1721,operations
1722,operator
1723,opportunities
1724,opportunity
1725,optimization
1726,optimizer
1727,optimizes
1728,optimizing
1729,optimum
1730,or
1731,oracle
1732,oral
1733,order
1734,ordering
1735,ordination
1736,organisation
1737,organization
1738,organizational
1739,organizations
1740,organized
1741,organizing
1742,orientation
1743,oriented
1744,orm
1745,os
1746,osb
1747,osip
1748,oss
1749,otc
1750,other
1751,others
1752,our
1753,out
1754,outgoing
1755,outliers
1756,outperform
1757,output
1758,outset
1759,outside
1760,over
1761,overall
1762,overflow
1763,overview
1764,owasp
1765,own
1766,ownership
1767,owning
1768,pace
1769,paced
1770,package
1771,packages
1772,packet
1773,pages
1774,papers
1775,parallel
1776,parameters
1777,park
1778,parse
1779,parser
1780,parsing
1781,part
1782,participate
1783,participated
1784,participation
1785,partition
1786,partitions
1787,partner
1788,partners
1789,party
1790,passed
1791,passenger
1792,passion
1793,passionate
1794,past
1795,patch
1796,patching
1797,patent
1798,patents
1799,patfoms
1800,path
1801,pattern
1802,patterns
1803,pay
1804,payment
1805,payments
1806,paypal
1807,pca
1808,pcm
1809,people
1810,perfect
1811,perforce
1812,perform
1813,performance
1814,performed
1815,performer
1816,performing
1817,period
1818,perl
1819,person
1820,personal
1821,personality
1822,personally
1823,perspectives
1824,petrochemical
1825,pg
1826,pgd
1827,pgdm
1828,phantom
1829,phases
1830,phd
1831,phi
1832,phone
1833,phonegap
1834,photography
1835,photoshop
1836,php
1837,physical
1838,picking
1839,pig
1840,pim
1841,pinnacle
1842,pipeline
1843,pipelines
1844,pixel
1845,pl
1846,plan
1847,planning
1848,plans
1849,platform
1850,platforms
1851,play
1852,played
1853,player
1854,players
1855,playing
1856,plc
1857,please
1858,plist
1859,plsql
1860,plugins
1861,plus
1862,po
1863,pocs
1864,point
1865,points
1866,policies
1867,policy
1868,polished
1869,popular
1870,port
1871,portal
1872,porting
1873,pos
1874,positing
1875,position
1876,positions
1877,positive
1878,posses
1879,possess
1880,possessing
1881,possible
1882,post
1883,potential
1884,power
1885,practical
1886,practice
1887,practices
1888,pradesh
1889,pratibha
1890,pre
1891,predictive
1892,preferred
1893,premier
1894,premise
1895,premises
1896,preparation
1897,prepared
1898,preparing
1899,present
1900,presentation
1901,presentations
1902,presenting
1903,presently
1904,pressure
1905,previous
1906,primarily
1907,primary
1908,principals
1909,principles
1910,private
1911,proactive
1912,problem
1913,problems
1914,procedure
1915,procedures
1916,process
1917,processes
1918,processing
1919,procurement
1920,produce
1921,producing
1922,product
1923,production
1924,productive
1925,products
1926,professional
1927,professionalism
1928,professionally
1929,proficiency
1930,proficient
1931,profile
1932,profiler
1933,profiling
1934,program
1935,programmer
1936,programming
1937,programs
1938,progressing
1939,progression
1940,progressive
1941,project
1942,projects
1943,promising
1944,promoted
1945,promoting
1946,promotion
1947,proof
1948,proper
1949,proprietary
1950,prospects
1951,protecting
1952,protection
1953,protocols
1954,prototype
1955,prototyping
1956,prove
1957,proven
1958,provide
1959,provided
1960,providers
1961,provides
1962,providing
1963,proving
1964,provisioning
1965,ps
1966,psg
1967,pts
1968,published
1969,publishing
1970,pune
1971,purchasing
1972,purposes
1973,pursue
1974,pursuit
1975,push
1976,put
1977,pvt
1978,pyspark
1979,python
1980,qa
1981,qlikview
1982,qualifications
1983,qualified
1984,qualitative
1985,qualities
1986,quality
1987,queries
1988,quick
1989,quickly
1990,r2
1991,rad
1992,rail
1993,rails
1994,ramp
1995,range
1996,ranges
1997,rapidly
1998,rates
1999,rational
2000,rdbms
2001,reach
2002,reaching
2003,react
2004,real
2005,realize
2006,reasoning
2007,rebranding
2008,received
2009,receivers
2010,recent
2011,recognition
2012,recognize
2013,recognized
2014,recognizes
2015,recommend
2016,recommendations
2017,record
2018,recover
2019,redhat
2020,redis
2021,reduce
2022,reduction
2023,redux
2024,ref
2025,refactoring
2026,reference
2027,refineries
2028,region
2029,regression
2030,regular
2031,regulations
2032,reinforce
2033,related
2034,relates
2035,relation
2036,relational
2037,relations
2038,relationship
2039,relationships
2040,relative
2041,release
2042,releases
2043,relevant
2044,reliability
2045,reliable
2046,relocate
2047,remarkable
2048,remote
2049,repeatable
2050,replication
2051,report
2052,reporting
2053,repository
2054,representation
2055,representing
2056,reputation
2057,repute
2058,reputed
2059,request
2060,requests
2061,required
2062,requirement
2063,requirements
2064,requires
2065,requiring
2066,research
2067,researcher
2068,researching
2069,resolving
2070,resource
2071,resourceful
2072,resources
2073,response
2074,responsibilities
2075,responsibility
2076,responsible
2077,rest
2078,restful
2079,restservice
2080,resttemplate
2081,result
2082,resulting
2083,results
2084,retail
2085,retention
2086,retesting
2087,retrospective
2088,reusability
2089,revenue
2090,revered
2091,review
2092,reviewing
2093,reviews
2094,rewarded
2095,rewarding
2096,rich
2097,right
2098,risk
2099,robot
2100,robust
2101,rohtak
2102,role
2103,roles
2104,rollout
2105,rollouts
2106,room
2107,roorkee
2108,routine
2109,routing
2110,rs
2111,rsa
2112,rtem
2113,rtgs
2114,ruby
2115,running
2116,s2
2117,s3
2118,saas
2119,sachs
2120,sadbhav
2121,safe
2122,sales
2123,salesforce
2124,sam
2125,same
2126,sampling
2127,samsung
2128,san
2129,sap
2130,sas
2131,satisfaction
2132,save
2133,savvy
2134,say
2135,sc
2136,scada
2137,scala
2138,scalability
2139,scalable
2140,scale
2141,scales
2142,scaling
2143,scanner
2144,scenario
2145,scenarios
2146,scene
2147,scheduler
2148,scheme
2149,science
2150,sciences
2151,scientist
2152,scjp
2153,scope
2154,scratch
2155,screening
2156,script
2157,scripting
2158,scripts
2159,scrum
2160,scwcd
2161,sdk
2162,sdlc
2163,se
2164,seamlessly
2165,search
2166,seasonal
2167,seasoned
2168,sector
2169,sectors
2170,secure
2171,security
2172,see
2173,seek
2174,seeking
2175,seeks
2176,segments
2177,selective
2178,selenium
2179,self
2180,selling
2181,semantics
2182,sencha
2183,send
2184,senior
2185,sense
2186,sensitive
2187,seo
2188,sep
2189,sept
2190,september
2191,series
2192,serve
2193,server
2194,servers
2195,service
2196,services
2197,servicing
2198,serving
2199,servlet
2200,servlets
2201,servvice
2202,session
2203,set
2204,setting
2205,settings
2206,setup
2207,several
2208,shall
2209,shape
2210,share
2211,shared
2212,sharepoint
2213,sharpening
2214,shell
2215,shiny
2216,shipping
2217,shivakumar
2218,shooting
2219,short
2220,should
2221,show
2222,showcase
2223,side
2224,siemens
2225,sigma
2226,sign
2227,significant
2228,significantly
2229,signing
2230,silver
2231,silverlight
2232,similar
2233,simple
2234,simplified
2235,simplify
2236,simulation
2237,since
2238,sincere
2239,sincerity
2240,singapore
2241,single
2242,singleton
2243,sinha
2244,sip
2245,site
2246,site_serco
2247,sitecore
2248,siterecoverymanager
2249,sites
2250,situation
2251,situational
2252,situations
2253,six
2254,size
2255,skilful
2256,skilfully
2257,skill
2258,skilled
2259,skills
2260,skillset
2261,sma
2262,smac
2263,smart
2264,smartphones
2265,smoke
2266,snapshot
2267,snippet
2268,so
2269,soa
2270,soap
2271,soasta
2272,social
2273,socket
2274,socs
2275,soft
2276,software
2277,sol
2278,sole
2279,solid
2280,solr
2281,solution
2282,solutioning
2283,solutions
2284,solve
2285,solver
2286,solving
2287,some
2288,something
2289,sound
2290,source
2291,south
2292,space
2293,spaces
2294,spain
2295,span
2296,spanning
2297,spark
2298,speaking
2299,spearheading
2300,specialising
2301,specialist
2302,specialization
2303,specialized
2304,specific
2305,specification
2306,specifications
2307,spectrum
2308,speech
2309,spend
2310,spheres
2311,spirit
2312,spl
2313,spot
2314,spotfire
2315,spring
2316,springer
2317,sprint
2318,sprints
2319,spss
2320,sql
2321,sqlite
2322,sqlite3
2323,sqlserver
2324,sqoop
2325,sr
2326,srivastava
2327,srs
2328,ssis
2329,ssrs
2330,sss
2331,st
2332,stability
2333,stabilize
2334,stack
2335,stackoverflow
2336,staff
2337,staffing
2338,stages
2339,stakeholder
2340,stakeholders
2341,standalone
2342,standard
2343,standards
2344,started
2345,startup
2346,startups
2347,state
2348,statement
2349,statistical
2350,statistics
2351,stature
2352,staying
2353,stb
2354,steady
2355,steel
2356,stellar
2357,step
2358,sticky
2359,stimulating
2360,stlc
2361,storage
2362,store
2363,stored
2364,stores
2365,storm
2366,storyboarding
2367,storyboards
2368,strategies
2369,strategy
2370,stream
2371,streaming
2372,streams
2373,street
2374,strength
2375,strengths
2376,stress
2377,strict
2378,strictly
2379,stripes
2380,strive
2381,striving
2382,strong
2383,strongly
2384,structure
2385,structured
2386,structures
2387,structuring
2388,struts
2389,struts1
2390,struts2
2391,students
2392,studio
2393,study
2394,sub
2395,subject
2396,subordinates
2397,substantial
2398,subsystem
2399,subsystems
2400,subversion
2401,succeed
2402,success
2403,successful
2404,successfully
2405,such
2406,sufficient
2407,suggests
2408,suisse
2409,suitable
2410,suite
2411,summary
2412,summer
2413,sumologic
2414,sung
2415,supervisor
2416,supervisory
2417,supplementary
2418,supply
2419,support
2420,supporting
2421,sur
2422,sure
2423,surface
2424,sustained
2425,svn
2426,swift
2427,swiftly
2428,swings
2429,switches
2430,symbian
2431,symbiotic
2432,synchronization
2433,synopsis
2434,sys
2435,sysops
2436,system
2437,systems
2438,table
2439,tableau
2440,tables
2441,tablet
2442,tablets
2443,tac
2444,tackle
2445,take
2446,taking
2447,talent
2448,talented
2449,talk
2450,tangoe
2451,targets
2452,task
2453,tasks
2454,taste
2455,tata
2456,tdd
2457,teach
2458,team
2459,teams
2460,teamwork
2461,tech
2462,technical
2463,technically
2464,techniques
2465,techno
2466,technological
2467,technologically
2468,technologies
2469,technology
2470,tecosim
2471,telco
2472,telecom
2473,telerik
2474,tenure
2475,term
2476,terms
2477,terrorist
2478,tesco
2479,test
2480,tester
2481,testing
2482,tests
2483,text
2484,tfs
2485,than
2486,that
2487,thatinbox
2488,the
2489,their
2490,them
2491,there
2492,thereby
2493,therein
2494,thesis
2495,they
2496,thiagarajar
2497,things
2498,thinking
2499,third
2500,this
2501,thorough
2502,thought
2503,thread
2504,threading
2505,threat
2506,three
2507,thrives
2508,through
2509,throughout
2510,thus
2511,ti
2512,tibco
2513,tier
2514,tieto
2515,tight
2516,till
2517,time
2518,timelines
2519,timely
2520,times
2521,timescale
2522,tinkerpop
2523,titan
2524,titanium
2525,titled
2526,tnt
2527,to
2528,tolerant
2529,tomcat
2530,tool
2531,toolkit
2532,tools
2533,top
2534,topper
2535,tortoisesvn
2536,total
2537,touch
2538,tourism
2539,towards
2540,track
2541,tracker
2542,tracking
2543,trade
2544,trading
2545,traditional
2546,traffic
2547,traffickers
2548,trainee
2549,training
2550,trainings
2551,transaction
2552,transfer
2553,transform
2554,translation
2555,transport
2556,travel
2557,treatment
2558,trends
2559,triggers
2560,trip
2561,trouble
2562,troubleshoot
2563,troubleshooting
2564,trust
2565,tuning
2566,turn
2567,twelve
2568,twin
2569,twitter
2570,two
2571,type
2572,types
2573,typography
2574,udf
2575,ug
2576,ui
2577,uk
2578,uml
2579,un
2580,under
2581,understand
2582,understanding
2583,undertake
2584,unified
2585,unilever
2586,unique
2587,unit
2588,university
2589,unix
2590,unlimited
2591,up
2592,upcoming
2593,update
2594,updated
2595,upgrade
2596,upgrading
2597,uploads
2598,upstream
2599,upto
2600,upto2
2601,us
2602,usa
2603,usability
2604,usable
2605,usage
2606,use
2607,used
2608,user
2609,users
2610,uses
2611,using
2612,utilization
2613,utilize
2614,utilized
2615,utilizes
2616,utilizing
2617,uttar
2618,ux
2619,v5
2620,valid
2621,value
2622,values
2623,variety
2624,various
2625,varnish
2626,varying
2627,vast
2628,vba
2629,vc
2630,vdi
2631,vdopia
2632,ve
2633,vector
2634,vehicle
2635,vendor
2636,verbal
2637,verizon
2638,versed
2639,version
2640,versions
2641,very
2642,via
2643,view
2644,views
2645,virtual
2646,virtualization
2647,virtusa
2648,vision
2649,vista
2650,visual
2651,visualisation
2652,visualization
2653,visuals
2654,viz
2655,vm
2656,vmotion
2657,vmware
2658,voip
2659,vulnerability
2660,vxml
2661,vxworks
2662,wan
2663,ware
2664,was
2665,waterfall
2666,way
2667,ways
2668,wcf
2669,wcms
2670,we
2671,web
2672,webservice
2673,webservices
2674,website
2675,websites
2676,websphere
2677,weka
2678,well
2679,were
2680,when
2681,where
2682,which
2683,while
2684,who
2685,whole
2686,wide
2687,widen
2688,wifi
2689,wiki
2690,will
2691,willing
2692,willingness
2693,wimc
2694,win
2695,win32
2696,wince
2697,window
2698,windows
2699,winforms
2700,wireless
2701,wiris
2702,wise
2703,with
2704,within
2705,without
2706,word
2707,work
2708,worked
2709,worker
2710,workflow
2711,workflows
2712,working
2713,works
2714,world
2715,worth
2716,would
2717,wpf
2718,write
2719,writing
2720,written
2721,www
2722,xaml
2723,xcode
2724,xd
2725,xenapp
2726,xendesktop
2727,xenmobile
2728,xenserver
2729,xhtml
2730,xib
2731,xibs
2732,xml
2733,xmpp
2734,xp
2735,xsd
2736,xslt
2737,yarn
2738,year
2739,years
2740,yield
2741,your
2742,yourkit
2743,zenith
2744,zookeeper
