enabled,1310
than,3577
design.,1152
entrepreneur.,1364
derivatives,1149
movement,2358
"products,",2797
assistance,560
years.,3886
members,2267
being,661
performance,2649
(dev,27
followed,1532
magento.,2178
unlimited,3706
aggregate,399
(september,95
levels,2102
"betting,",678
sr.,3353
impart,1793
resourceful,2993
simple,3230
interesting,1902
smac,3264
creating,1023
endeca,1321
needs.,2409
7000,295
ware,3787
full,1563
come,884
process.,2783
ease,1269
"(dynamodb,",29
next,2435
opportunities,2534
business/,738
zookeeper,3893
"enthusiast,",1357
attitude,583
candidature,768
scratch.,3105
scheme,3093
"list,",2134
dot,1235
server-setup,3172
actimize,350
million,2302
possible,2734
advertising.,394
clusters,850
database,1084
"node.js,",2443
productive,2795
feb’14,1488
"engineer,",1332
greater,1642
parsing.,2610
encompassing,1314
semantics,3155
pace,2596
relates,2946
accounts,341
–sap,3910
"ofac,",2493
orientation,2562
dynamic,1254
backgrounds,632
competent,912
(information,51
challenges.,809
border/multi,704
hands-on,1680
shall,3205
"consignment,",960
"services,",3185
including,1817
documented,1221
hp,1744
experience.,1429
ag-grid.,397
linux,2130
cold,865
smartphones,3266
kerberos,2048
gaining,1583
in-turn,1813
"drs,",1249
"6,",275
"kong,",2057
"notification,",2457
scripts.,3114
associated,564
titled,3623
platforms.,2699
"optimization,",2539
research,2986
portal.,2723
specific,3320
overall,2585
r/3,2895
checking,818
environments.,1370
throughout,3605
"regression,",2941
"coding,",861
"r,",2894
talent,3513
should,3217
5.1.,265
1,148
responsibilities,2997
java​,1983
"xenserver,",3868
technologies.,3551
deadlines,1100
error,1375
integrating,1883
learner,2093
7,284
wide,3822
partners,2619
growing,1652
apps).,517
"interviewing,",1919
"innovation,",1866
countries,1014
any,479
associate,562
his,1729
substantial,3445
hadoop,1670
on-premises,2508
develop,1170
"developing,",1179
overview:,2588
"android,",463
hints,1726
eighteen,1291
applying,507
reliable,2961
"procurement,",2789
playing,2708
expert,3940
scale,3082
"reduce,",2932
initiatives,1862
"(cpu,",22
"jquery,.",2020
",voip,",134
"struts2,",3433
solutions,3292
very,3760
negative,2410
involved,1925
"mm,",2312
and,461
(emm),31
implement,1795
jaxws,1985
hair,1672
earn,1267
un,3693
"experienced,",1432
"(servlets,",97
,3935
(b.e.,12
"phone,",2671
"pig,",2682
"dynamics,",1256
enthusiastic,1359
proficient,2806
risk,3030
standard,3371
",strong",131
"jquery,prototype",2021
socket,3278
position,2727
maintainable,2183
secure,3134
date.,1093
"ejb-2,",1293
so,3272
items,1952
jmx,2003
​j2ee​,3901
clean,826
code.,857
life,2114
teams.,3535
routine,3041
space.,3306
(iphone/ipad,54
education,1279
90%,306
analyst.,447
order,2551
ssrs,3356
email,1299
areas.,533
2012,211
disaster,1201
"css3,",1045
while,3819
applications.,504
manufacturing,2211
result-oriented,3008
sql,3340
"ecommerce,",1275
grabbing,1631
"presentations,",2758
swings.,3486
"administration,",378
scene,3091
samsung,3066
hsc,1747
stream,3408
solid,3286
edge,1278
4.83/5),256
requests.,2978
statistics,3383
queries.,2885
"multivendor,",2382
treatment,3663
linq.,2129
"design,",1151
github,1612
12+,174
embedded,1301
advancement.,390
managing/executing,2205
competing,914
uploads,3713
opportunities.,2535
documentation.,1220
leverage,2104
tasks,3520
tomcat,3628
polished,2719
additional,367
server,3170
"apps,",518
series,3168
web/mobile,3802
visualization,3774
master,2230
matches,2233
abilities.,317
db2.,1098
logic.,2150
hybrid,1760
credit,1031
greatest,1643
always,428
september,3167
oriented​,2566
into,1920
"v5,",3737
five,1510
"lucene,",2171
country,1015
css.,1042
high-traffic,1718
ajax,409
"concepts,",938
spectrum,3323
passionate,2626
lay,2079
2.8,191
"xml,xaml.",3873
8.56,301
staff-1,3364
vast,3745
quality,2881
multithreaded,2379
frontend,1562
"(ood),",75
oo,2517
"backend),",628
hands,1679
care,775
http://capillarytech.com/),1753
"(13/913,696)",3
beans.,656
perfect,2646
development(xp),1181
"documents,",1222
designing,1158
fields,1495
payments,2642
competency,911
patterns.,2639
supporting,3475
"techniques,",3543
stature,3385
ecommerce.,1276
low,2163
industry.,1847
telecom,3557
troubleshoot,3670
engagements.,1327
●good,3927
adaptable,359
management:,2200
"acceptance,",332
"tracking,",3646
grasping,1640
cross,1034
—,3911
since,3235
"marketing,",2224
creative,1026
smart,3265
administrative,380
"soap,",3275
if,1787
language.,2067
task,3519
mba,2244
users.,3726
engine,1328
language,2065
accessibility,334
springer,3335
"field,",1493
duties,1253
management/development,2199
sciences,3095
twelve,3676
constitutes,966
identity,1783
account,340
constraints.,967
netapp,2421
logic/code.,2151
javascript.,1981
base,649
ites,1954
"structures,",3425
virtusa,3769
of,2492
"html,",1749
"extract,",1458
"calling,",762
"2014,",216
horizons,1741
(2,4
yield,3889
11,170
expectations,1426
o,2470
flagship,1516
"2),",182
actively,353
(leandesk),61
modelling.,2327
usage,3722
highlights:-,1722
practice.,2741
refineries,2938
iron,1942
"leader,",2088
migrating,2300
shape,3206
self-motivator,3151
qualifications,2876
visualization),3775
ides.,1784
meetings,2263
cloudera,843
iit-gandhinagar;,1789
"etc.,",1388
communities,898
multivariate,2381
ecommerce,1274
graduate,1635
external,1457
established,1381
tfs,3576
p.tracker,2595
hul,1756
"c#.net,",746
(material,67
19+,179
business,736
analytic,449
advertising,392
5.2,266
3.5+,233
fast-learner,1480
variety,3741
7),285
settings:,3202
-“to,142
ca,755
providing,2852
a,314
"definition,",1121
appstore.,520
customer/market,1060
"gwt,",1666
"csv,",1047
"nosql,",2452
"object,",2472
agility,404
skilled,3257
"anova,",475
6.6,280
"hmc,",1733
"malaysia,",2192
interfaces,1906
"ios,",1931
debugging.,1105
third,3594
ability,318
professional.,2802
communication,893
number,2465
has,1691
my,2393
oracle.,2548
responsibility.,2999
goods,1627
beneficial,668
thiagarajar,3590
frameworks,1552
operator,2533
"compatibility,",909
cms,851
settings,3201
pursue,2863
"gamification,",1588
algorithms.,416
ranges,2905
success,3451
jca,1988
ms-excel,2363
members.,2268
culture,1049
"results-oriented,",3013
jndi).,2004
usability,3719
5,260
abu,326
"illustration,",1790
365.,239
global,1617
“write,3917
"hibernate,",1711
"trading,",3648
extending,1450
certificate.,799
authors,593
worked,3951
designation,1154
"java/j2ee,",1976
set.,3198
phone,2670
3d,240
operations,2531
spaces,3307
site,3243
creativity,1030
dependencies.,1141
korea).,2059
"study,",3440
"hypothesis,",1767
"mulitstore,",2367
"scenarios,",3090
atg-commerce,570
maintenance.,2188
nokia,2448
socs.,3279
participated,2613
snapshot:,3270
framework.,1551
sustained,3480
arivalagan,534
"proof-of-concept,",2837
“selective,3916
models,2328
"enterprises,",1354
subject,3443
or,2545
domain,1227
ha,1667
cordial,1000
jabber,1963
gui/workflow.,1658
"technical,",3540
critical,1032
cash,786
optimization.,2540
numerical,2466
three,3600
javascript/jquery.,1982
achieve,342
suitable,3459
"intouch,",1921
(wise),122
6.8,282
recent,2921
life-cycle,2115
games.,1587
detecting,1168
php.,2678
dedicated,1111
21st,221
defects.,1119
"adapters,",361
ltd,2165
lithasa,2140
oop.,2520
upto,3715
ecosystem,1277
different,1192
"junit,",2041
paypal).,2643
●having,3928
hul.,1757
goal.,1620
nucleus,2464
create,1021
algorithm.,413
"3.0,",228
mainly,2181
"components,",925
strategy,3406
7.6,292
"html/xhtml,",1750
tablet,3509
(earlier,30
",deploying",128
",reliability,",130
"meeting,",2262
gts.,1656
analyzing,459
tasks.,3521
"jsf,",2028
"forecasting,",1538
procedures,2780
"c,swift,",752
ambitious,431
required,2979
internet,1913
fixing,1513
single,3239
considerations,959
jersy,1997
full-technical,1564
measure,2252
cd/ci,790
coredata,1007
customer,1057
shivakumar,3214
junit,2040
advisory,395
"passionate,",2627
back-end,625
(cr),23
i.e.,1770
deliverables,1126
where,3817
capability,772
files,1497
"bridge,",714
modeling,2323
manufacturing.,2212
"expressjs,",1449
articles,538
data,1080
(ooa).,72
fastest,1482
"environment,",1366
"wcms,",3797
wiris,3835
build,727
over,2583
structures.,3427
stability,3360
c#,743
"fiddler,",1490
hibernate.,1712
"balsamiq,",637
cycle,1073
utilization),3729
programming.,2818
repute,2973
formation,1541
enjoyable,1343
general,1599
hybris,1761
"framework,core",1550
"5,",262
"methods,",2289
"spotfire,",3331
vmotion,3779
play,2701
self.,3153
ivtl,1956
"3.5,",234
releases,2957
"banking,",646
marketing,2223
"analyzing,",460
self-motivated.,3150
telerik,3560
add,364
revenue,3021
coding.,862
adapting,362
8.3),300
.net,144
fine-tuning,1505
papers,2602
subversion.,3449
long,2155
technology.,3555
show,3218
fluent,1525
me.,2248
korea.,2060
from,1559
(level,62
policies,2717
advanced,388
(started,110
"enterprise,",1352
designed,1155
"memcache,",2269
xib,3869
"utilize,",3731
proactive,2771
betterment,677
(subversion,112
converting,995
remarkable,2963
disclosures/patents,1203
accomplish,336
utilizes,3733
system:,3499
1.5,155
struts,3430
extensively,1454
client,829
consistent,962
modularity.,2332
supplementary,3469
requirement,2980
beside,672
integral,1881
london,2154
optimum,2544
relation,2947
interests,1903
collaborates,867
2010/2008/2005.,207
wifi,3824
"principals,",2766
rational,2908
profiler.,2809
multi-tier,2373
altimetrik(deployed,427
"self-motivator,",3152
cad,759
invention,1923
solr.,3288
"supporting/developing,",3476
"creation,",1025
qa-related,2874
qualities.,2880
"mockito,",2318
svn,3481
"asp.net,",547
xcode.,3862
(ui,115
os,2568
agile/scrum,403
scientist/data,3099
adept,368
linq,2127
categorization,788
builder.,728
storage,3394
college,880
self-direction.,3147
oldest,2504
aws,609
(automotive),11
upgrading,3712
either,1292
past,2628
2005,198
incorporated,1818
"enthusiasm,",1355
ways.,3794
work,3841
communicator,896
(cloud,20
parser,2608
"efficient,",1287
two,3680
"(sdlc),",93
"atl/com,",574
"ajax,",410
contribute,982
compute,930
400+,259
cocos2dx,855
administering,375
"platform,",2696
fully,1566
mentoring,2273
"ooad,",2518
delivered,1127
maximum,2242
addition,366
ever.,1398
"demonstrations,",1139
"media,",2255
(codes),21
4.0.,245
"assembly,",552
fixes,1512
conviction,996
they,3589
plugins,2711
compatibility).,908
vendor,3754
model.,2322
generation.,1602
"6.5,",279
delivering,1131
"negative,",2411
"2.x,",193
"photoshop,",2675
patterns,2636
save,3075
tier,3608
"solutions,",3293
"wcf,",3796
systems”,3503
expertize,1439
workflows.,3847
quality.,2883
space,3305
,3937
date.,1094
device,1185
/embedded,146
certification,800
"git,",1610
patent,2631
changed,813
2.9,192
redis,2931
enthusiast.,1358
"animation,",474
targets.,3518
around,537
roorkee,3040
in,1811
spearheading,3315
mobile.,2314
nearest,2406
have,1692
layouts,2082
"2010/2013,",208
inter-personal,1891
"retail,",3016
rails.,2902
terrorist,3565
24th,222
"4.0,my",244
practices,2742
reach,2910
gamification.,1589
employer,1307
"mapdb,",2215
managed,2194
android.,465
professionally,2804
attitude.,584
private,2770
virtualization,3766
"system,",3497
growth-oriented,1654
scales,3083
14+,175
dubai,1251
company,903
academic,327
(gmail,41
(layer,60
"assessment,",553
decision,1108
distributed,1209
movements.,2359
"ownership,",2592
load,2141
achieved,343
sys,3494
roles,3035
companies.,902
rohtak,3033
"dojo,",1226
bi,683
reduction.,2933
"interface,",1905
march,2220
minimum,2304
consultant.,971
"communicator,",897
child,822
gives,1615
scripting,3110
online,2512
client-server,832
enriched,1345
4+,242
otc,2572
replication,2966
protocols,2843
"mapreduce,",2217
newly,2433
up,3707
daily,1078
passion,2624
pratibha,2746
room,3039
guy.,1665
"identify,",1782
efficiency,1285
"uk),",3690
sachs.,3054
"opennlp,",2526
"cvs,",1071
cohesively,864
existing,1423
competitive,915
every,1399
life.,2116
notice,2456
uses,3727
times,3617
esteemed,1382
tibco,3607
handheld,1674
(iterative),57
exhibit,1419
b.tech,620
ado.net,382
future,1580
recover/business,2929
”,3918
"excellence,",1406
analytical,451
implementing,1803
environment.,1367
perl,2656
80,303
your,3890
staffing,3365
"scientist,",3097
started,3375
bugs,725
2011,209
unix,3703
ge,1598
boosting,699
micro,2294
infotrellis.,1854
dia,1191
forecasting,1537
previous,2763
(lfs)).,63
intermediate,1908
ios,1930
touch,3640
designs,1161
corporate,1008
exceed,1402
flat,1517
components.,926
selenium,3144
"aware,",608
sticky,3392
can,766
parse,2606
automation.,600
"offerings,",2498
phd,2668
flow,1523
ramp,2903
(bcc),14
blend,693
monthly,2346
adapt,358
individually,1838
coupons.com,1017
"linq,",2128
"ca),",756
"tomcat,",3629
call,760
hardening.,1685
dbs.,1099
commitment,888
enrichment.,1347
"building,",730
imbibed,1792
teamwork.,3537
ide,1776
"javascript,",1980
developing,1178
"abilities,",316
software,3281
use,3723
bpel,709
sung,3466
intellij,1889
"analysis,",442
ethics.,1391
2015.,219
vm’s,3783
firm,1508
senior.,3159
analysing,440
managing,2204
b.e.,617
,3936
completed,917
d3.,1077
"analytics,",455
gui,1657
tuning,3674
analytics,453
strength,3412
tnt,3625
necessary,2407
10g,169
traffic,3650
ict,1775
specification,3321
application.,500
provisioning,2854
js.,2026
"bio-statistics,",687
concepts,937
"functional,",1570
"(packages,",80
nodejs,2444
highlights:,1721
"finance,",1500
onsite,2514
​data,3900
etc.,1386
relations,2949
vmware,3780
specialized,3319
twin,3677
to,3626
"completion,",919
enyo,1371
maven.,2238
finance,1499
silver,3227
telecom/manufacturing/distribution,3559
drs,1248
virtualization.,3768
"quality,",2882
timely,3616
grow,1651
libxml.,2113
ensured,1350
dashboarding,1079
functionalities.,1572
"rs,",3042
carrying,779
work.,3843
4.5,255
mobility,2316
environment,1365
auto,594
face,1465
sites,3247
"customers,",1062
negotiate,2412
contribution,983
savvy.,3076
java/android,1974
value,3739
technical,3539
travel,3662
asp.net,546
experience:,1430
3+,224
results-oriented,3012
believes,664
impex,1794
awards,607
",wpf",135
documentation,1218
industry,1845
berlin-heidelberg,671
neighbor(ann),2415
comprehend,927
ios.,1932
"enhancements,",1339
3.5,232
independently,1824
streams.,3410
"2.0,",186
api.,486
demonstrated,1137
juniper,2039
checks,819
progression.,2821
grade,1633
less.js,2100
commensurate,886
infinera,1849
"twitter,",3679
gurgaon,1663
subversion,3448
merchandising,2274
years,3884
knowing,2052
"sas,",3072
labs,2062
multi-faceted,2370
"1.3,",154
expertise,1438
groups.,1650
"self-motivated,",3149
servicing,3187
platform.,2697
(soa,100
waterfall.,3791
automating,598
learning,2095
xml.,3874
effort,1289
driver,1247
2014;,217
demanding,1136
manager.,2202
extensive,1453
"typography,",3683
attacks,578
fusion,1579
pages,2601
e20-001,1263
audits.,586
"ltd,",2166
beta,675
"campaign,",765
cost­effective,1012
similar,3229
shipping,3213
angualr,467
firebug,1506
js,2024
surface,3479
"j2ee,",1961
solr,3287
solution/design,3290
adeptness,369
"improvements,",1807
(>125%,5
experience,1427
system.,3498
can.,767
statement,3380
ssrs.,3358
j2ee,1960
exports,1445
waterfall,3789
deliver.,1124
"integration,",1885
computing,933
migration,2301
context,975
closing,839
symbian,3489
efficiently,1288
enhance,1337
able,320
fast,1479
potential.,2737
"rsa,",3043
freelance,1556
bus,735
"cloudplatform/cloudstack,",844
"flume,",1526
multimedia,2377
technological,3546
worked,3945
personality,2659
capable,773
"functionality,",1573
security,3135
besides,673
"objects,",2485
3.3+,231
diverse,1212
hand,1673
"jobs/cronjobs,",2008
supervisor:,3467
"4.0,",243
soa,3273
be,654
mockups,2319
requirements.,2983
people,2644
remote,2964
citrix,824
side,3220
"usability,",3720
customer.,1059
etl,1392
varying,3744
there,3585
"loader,",2143
field.,1494
struts2.,3434
"extraction,",1460
max,2239
2.5+,189
team;,3533
under,3694
dec.,1107
dynamo,1258
airpush,408
relationship,2951
experienced,1431
sap,3069
"8.0,",299
notifications,2458
google,1628
which,3818
technologies,3548
6.0.,277
1+,149
job.,2007
solutions.,3294
"formation,",1542
best,674
neo4j,2416
execution,1414
application),498
"controller,",988
configuring,952
"services),",3183
2+months,184
600,283
exigent,1422
recognition,2922
dynamism,1257
"net,",2419
widen,3823
hi-tech,1709
suggests,3457
open,2524
virtual,3765
connector,957
incubation,1821
healthcare,1699
date,1091
–routing.,3909
t,3504
(soa),101
indian,1832
coder,858
"1.8,",160
(win32/mfc).,119
"networking,",2428
involves,1927
authentick,591
documents.,1223
coordinating,997
bug,724
encryption,1316
box.”,708
worked,3844
effectiveness,1284
customer’s,1064
onsite.,2515
startup,3376
committed,890
market,2221
"2010,",206
s3.,3052
request,2976
pinnacle,2684
12,173
multiple,2378
(soap,102
"nhibernate,",2437
caching,758
framework,1548
(apache,9
"titan,",3621
visual,3772
platform,2695
"rollout,",3037
"fellow,",1489
consisting,963
awarded,606
bot,705
yourkit,3891
jun,2036
angular,468
object,2471
11+,171
motivated,2350
drug,1250
"resourceful,",2994
verbal,3755
objective,2474
"responsibility,",2998
infuse,1858
along,424
partner,2618
game,1585
missing,2306
"5.1,",264
player.,2705
"android,java,j2ee",464
organization..,2557
sales/,3060
atg.,571
programming,2816
rest).,3003
transfer,3658
focus,1528
ethics,1390
approximately,515
"scrum-master,",3117
planning,2692
subordinates,3444
reasoning,2917
owasp,2589
complete,916
harbinger,1682
skills,3258
perforce,2647
evolutions,1400
exceptional,1410
"configuration,",950
coordinator.,999
ipod,1940
direction,1196
backup,633
views.,3764
jsf,2027
sprint,3336
,3938
databases,1087
day,1095
"ideas,",1781
functions,1575
architecture​,529
influenced,1850
freedom,1555
month,2345
"accomplished,",338
organization,2554
predictive,2748
"client,",830
is,1943
sdk,3119
record,2928
exploring,1444
same,3063
adopt,384
objectorb,2483
pg,2663
july,2035
meeting,2261
sharepoint,3209
advancing,391
meet,2260
major,2189
creative.,1028
time,3612
architect,524
",xml,xaml",137
-,138
scaling,3084
"documentum,",1224
phonegap,2672
"serving,",3189
view,3762
se,3125
controls,990
soft,3280
"consultancy,",969
provides,2851
ericsson,1374
"s,",3049
"collaboration,",870
"document,",1216
git,1609
jira.,2001
linkedin,2126
april,521
(oss).,78
j2ee.,1962
electron,1296
"skilful,",3253
p,2594
products,2796
interact,1892
prepared,2753
progressive/fun,2823
against,398
broadvision,719
"engineering,",1335
includes,1816
myself”,2399
vdi,3750
sqlserver,3351
human,1758
tuning.,3675
"market,",2222
sampling,3065
"html5,",1752
first,1509
scratch,3104
"formulation,",1543
food.,1534
net.,2420
ground,1646
oct-2013,2489
producing,2791
modifications.,2331
presentation,2757
"implementation,",1798
imbibe,1791
"os,",2569
was,3788
●documentation,3926
customizing,1068
levels.,2103
benefit,669
patch,2629
reaching,2911
"learning,",2096
collection,877
memory,2270
innovative.,1868
"(bsb),",16
but,739
tools.,3634
enables,1311
sma,3263
e-commerce,1260
analytics),454
elegant,1298
handle,1675
supply,3470
3.9,238
traditional,3649
wan,3786
i,1768
b2b),623
customized,1067
"photography,",2674
academics,328
server.,3173
jena,1993
establish,1380
revered,3022
tests,3574
numerous,2467
"yarn,",3881
"svn,",3482
oops,2521
"sdlc,",3123
attain,580
7.9,293
application,497
tinkerpop,3620
asset,554
ref,2935
noida.,2446
maintenance,2186
"tool,",3631
publishing,2858
b.e,616
3.7,236
"jquery,",2019
growth,1653
timelines.,3615
protection,2842
proving,2853
feb,1485
days,1096
15,176
"ambitious,",432
(it),56
statistics),3384
2016.,220
entire,1361
servlets,3192
qlikview,2875
middleware/production,2299
mongodb),2339
breadth,713
reputed,2975
jquery,2018
"advertising,",393
(mobile,69
"architecture,",526
assigned,556
link:,2125
command,885
incident,1814
"oriented,",2565
"api,",485
rewarded,3026
i’ve,1958
time.,3614
events,1397
"evaluate,",1395
autopilot,601
"plan,",2691
execute,1412
points,2716
their,3582
"interpersonal,",1917
"bangladesh,",643
pursuit,2864
java/object,1977
(srs),108
b2b,622
escalated,1377
right,3029
sinha,3241
faced,1468
signing,3226
lasting,2076
(ism),55
term/documentations,3563
"telecom,",3558
●4,3924
"control,",986
(situational,98
challenge,807
geography,1604
"(full-time,",40
recognizes,2925
apis,487
lifecycles.,2119
methodologies.,2284
others,2574
lb.,2083
"environments,",1369
blackberry,690
reference,2937
cloud.,842
(p),79
one,2511
techno-commercial,3545
"improvise,",1809
verizon,3756
"4.4,",254
rollouts),3038
security/vulnerability,3138
buzz,740
(sdlc).,94
handsets,1681
university,3702
"driven,",1246
less,2099
jank,1968
builds,731
vision,3770
"simulation,",3234
enhancements.,1340
"scripting,",3111
"deals,",1102
"forall,",1536
"mitigation,",2308
7.5,291
(hindustan,44
sdlc,3122
active,352
highly,1723
maintaining,2185
salesforce.com,3061
possess,2732
pressure,2761
barcode,647
done,1233
2008),203
solve,3295
ownership,2591
"reliability,",2960
"healthcare,",1700
iphone,1937
applied,505
relational,2948
span,3309
"memory,",2271
familiar,1475
"maps,",2218
(http://stackoverflow.com/users/919545/ankit-srivastava),46
<sol>,311
networks),2430
flourish,1522
defect,1117
objective-,2475
builds.,732
green,1644
singapore.,3238
pre,2747
organization’s,2560
graph,1637
2.2,187
write,3856
segments,3143
output,2581
assurance.,567
"opportunity,",2537
time-series,3613
case,781
solution,3289
basic,652
"architectures,",528
charging,815
varnish.,3743
with,3836
pos,2725
"director,",1199
conscious,958
service.,3180
intend,1890
needs,2408
seasoned,3130
accomplished,337
store,3396
soasta,3276
objective:-,2479
"management,",2197
objectives.,2481
2014,214
myself,2396
some,3300
"solving,",3299
servlets),3193
endeca.,1323
goldman,1625
environments,1368
years’,3888
"network,",2425
siemens,3221
easier,1270
automate,596
azure,612
"issues,",1946
2007,200
(hadoop,43
emphasis,1304
mass,2229
deployment,1145
improving,1808
pts.,2856
customs,1069
further,1578
"shiny,",3212
employees,1306
integrate,1882
"cdac,",791
summary,3462
centric,797
"retesting,",3018
individual,1835
test,3567
text,3575
jboss,1986
"json,",2030
multilanguage,2376
region,2939
sector.,3132
period),2655
"experience,",1428
user,3725
building,729
specialising,3316
diploma,1194
sitecore,3245
rad,2898
"cloudstack/cloudplatform,",845
guiding,1660
scope,3102
co-ordination,852
"(scrum),",90
presenting,2759
(for,37
park.,2605
project-oriented,2827
"france,",1554
studio.,3438
packages,2599
"hybris,",1762
"magento,php,mysql",2177
optimizer,2541
(spring,107
b.s.a.,618
,3953
feb-2010,1486
"hardware,",1687
comprehensive,928
toolkit.,3632
"fa,",1464
sr.iphone,3354
offshore,2502
organizing,2561
bangalore,639
"structure,",3422
created,1022
buffer,723
"xd,",3863
support.,3474
decisive,1109
client-side,833
ensemble,1348
therein,3587
expose,1447
balancer.,635
-excel,141
available.,604
oriented,2564
point,2715
collaborating,868
operation.,2529
"(st),",109
effective,1281
exhibition,1421
"2000,",194
called,761
"deliveries,",1130
exemplary,1418
"gathering,",1595
"log,",2147
"azure,",613
"css,",1041
apache,482
management),2196
(also,7
"backend,",629
gave,1596
etc.),1387
exports.,1446
ip,1933
absorb,325
things,3591
redhat,2930
ti’s,3624
8,297
niche,2438
http://www.airpush.com/),1754
connectid,956
detail.,1166
training,3653
consolidation,964
sectors,3133
"jira,",2000
5.6,269
methods.,2290
communicate,891
5.9,270
who,3820
"modeling,",2324
"balancers,",636
mahout,2179
eclipse.,1273
end,1317
"sqlite,",3346
"python,",2870
background).,631
will,3826
enterprises,1353
largest,2074
atg,569
"extendsim,",1451
course.,1018
medical,2257
"xslt,",3879
u,3684
nov-2013,2459
magento,2176
(k-,59
snapshot,3269
hosts,1743
"capabilities,",770
"executive,",1417
manual,2209
"multithreading,",2380
"nx,",2469
mu,2366
"safe,",3056
seeks,3142
interacting,1893
access,333
production,2794
abridgement,324
august,589
"libc,",2107
(integration,52
"cluster,",847
organizations,2559
step,3391
give,1614
–,3908
specialist,3317
software’s,3284
all,419
"js,",2025
"analysis-arima,",443
(front,39
basis,653
aligned,418
rest,3001
"oracle,",2547
"way,",3793
lead,2085
maintained,2184
reviewing,3024
catia,789
values,3740
word,3840
career,776
"waterfall,",3790
"framework,",1549
"1.1/1.2/2.0/2.1,",153
electronics,1297
gateway,1592
joiners.,2013
sales,3057
capabilities,769
having,1693
markov,2226
selling,3154
"backups,",634
titanium,3622
flexibility,1518
sign,3223
background,630
attacks.,579
microsoft,2296
evaluate,1394
-2nd,139
"data,",1081
goal,1618
chance,811
thatinbox,3580
"amdocs,",433
"technically,",3541
media,2254
methods,2288
end.,1320
index,1826
below:,665
linux.,2132
"execution,",1415
put,2866
demand,1135
state-of-the-art,3379
qualitative,2878
company.,906
sensitive,3161
app,493
"singleton,",3240
"java,",1972
genuine,1603
positive,2729
bringing,717
"karma,",2044
organization.,2556
implemented.,1802
"passion,",2625
"vehicle,",3753
analyst,446
opportunity,2536
highlights,1720
requires,2984
detailed,1167
"preparation,",2752
testing.,3573
methodology,2285
devices,1186
3.10,229
system,3496
enriching,1346
mobile,2313
hubs,1755
continuously,979
effectively,1282
overflow,2586
cq,1019
"suisse,",3458
"jboss,",1987
"merchandising,",2275
data-processing,1082
ltd.),2168
european,1393
evolve,1401
"endeca,",1322
landing,2064
b,615
"decomposition,",1110
performance.,2651
for,1535
professional,2800
➢,3931
appropriate,512
eclipse,1272
spirit,3327
power,2738
structured,3423
good,3942
threat,3599
scalable,3080
organizational,2558
"group,",1648
(tac),113
"(web,",118
setting,3199
sense,3160
built,733
tourism,3642
preferred,2749
"(scalability,",88
objectives:,2482
concept,936
keeping,2047
machine,2174
better,676
"devops,",1189
knowledge.,2055
ionization,1929
member.,2266
targets),3517
review,3023
"technologies,",3549
drill,1243
assignments,557
provided,2849
mllib,2310
2012.,212
completely,918
net,2418
lists,2138
relevant,2959
off.,2494
"scrum),",3116
"virtualization,",3767
stack,3362
dr,1238
mvc),2389
"cursor,",1054
nosql.,2453
automation,599
control,985
errors,1376
"mumbai,",2384
7.1,289
"mfc,",2292
ad,357
wcf,3795
"above,",323
abilities,315
3.2,230
100,167
various,3742
4.10,249
limited,2122
tortoisesvn,3638
looking,2158
individuality,1837
field,1492
"creative,",1027
giving,1616
"osip,",2571
java.,1973
bop,703
issues,1945
implementation).,1797
"jpa,",2016
optimizes,2542
individually.,1839
problems,2777
trust,3673
light,2120
1.6,156
"engine,",1329
asp.,545
insight,1870
1-5,150
technologically,3547
"dynamic,",1255
cgpa.,803
sufficient,3456
dedication,1113
known,2056
streaming,3409
electrical,1295
etc).,1385
organisation,2553
encourages,1315
compliance,922
trainings,3655
broadcast,718
→,3921
"admin,",374
update,3709
windows).,3833
(,2
(scrum).,91
"player,",2704
domain.,1229
reinforce,2944
problems.,2778
ag,396
principles,2768
"branding,",712
"sept,2012.",3166
internet/intranet,1914
queries,2884
independently.,1825
etc,1384
played,2702
chief,821
mvp,2391
topper,3637
indexed,1827
thinking,3592
developers,1176
convergence,992
"arm),",536
analysis.,444
smartphones.,3267
(clear,18
enjoys,1344
networks,2429
"parse.com,",2607
program,2812
"tester,",3570
"jain,",1965
offering,2496
design,1150
designer,1156
xp.,3877
"libcrypto,",2108
solutioning,3291
listener,2137
product.,2793
november,2461
mca,2246
"bright,",715
explore,1442
transform,3659
by,741
"negotiated,",2413
skillset,3262
instances,1875
far,1477
design/development,1153
north,2450
engineer.,1333
"testing,",3572
main,2180
willing,3827
scenarios,3089
current,1051
novel,2460
job,2006
mathematics,2235
india’s,1833
"4.3,",252
like,2121
​javascript​,3902
interested,1901
1.,151
are,530
code,856
inventory,1924
"dedicated,",1112
stakeholders.,3369
manual/automation,2210
apk,492
x-code,3859
"(platform,pcm/pim",84
unix.,3704
policy,2718
transaction,3657
timescale,3619
love,2160
android,462
"configuring,",953
flexible,1519
atlassian,575
aug,587
detail,1165
➲,3932
tenure,3561
logging,2148
6.7,281
crm,1033
2013,213
exploratory,1441
graduated,1636
"patching,",2630
​client-server,3899
simplify,3232
administration.,379
i’m,1957
relationships.,2953
(winforms),121
switches.,3488
certified,3947
rtgs,3045
knack,2051
direct,1195
analyzed,458
multi-threading,2372
"collect,",875
escalations.,1378
high-scale,1717
with:,3837
noise,2447
engagements),1326
controller,987
willingness,3828
listed,2135
collections.,879
methodology.,2286
(client,19
multi-,2369
possessing,2733
jni/ndk.,2005
document.,1217
"core,",1006
filed,1496
"projects,java,restservice.google",2831
"spark,",3313
angular.js.,469
extensive,3941
objectives,2480
computing.,935
c++,748
​algorithm​.,3898
2+,183
expansion,1425
spss,3339
patfoms”.ex.html5,2633
consist,961
hr,1746
psg,2855
science,3094
goals,1621
xml,3871
real-time,2914
aiming,407
"fides,",1491
mysql.,2402
"team-oriented,",3529
standards.,3374
parameters,2604
"sqlite,access.",3347
earned,1268
"vxml,",3784
css3.,1046
4.2,250
interactive,1899
delivered.,1128
(windows),120
search,3127
lucene,2170
(xp,123
mode,2320
setting.,3200
conversion,994
multi-task.,2371
across,349
■,3922
that's,3579
"release,",2956
2.6,190
unix/linux.,3705
person,2657
push,2865
servers,3174
algolia,412
calsoftlabs,763
"skills,",3260
recommendations,2927
vc++,3748
synchronization,3492
"ide,",1777
deliverable.,1125
sales.,3059
directly,1197
monkey,2344
sdlc.,3124
spring.,3334
sub-system.,3442
spot,3330
"sub-contracting,",3441
jdbc.,1992
&,1
object-oriented,2473
site_serco),3244
allsight,422
"c#,",744
"agile,",402
partitions,2617
"b2b,",624
forever,1539
components,924
disciplined,1202
responsible,3000
spend,3325
esx,1383
popular,2720
community,899
human-computer,1759
marks.,2227
interactions,1897
more,2348
follow,1531
using,3728
structures,3424
product​.,2799
learned,2092
conclusions,942
inmobi,1865
source,3303
excellent,1408
udf’s,3686
were,3815
international,1912
latest,2077
assignments.,558
(ig,49
"scenario,",3087
promoting,2835
"angularjs,advance",472
"contract,",981
hive,1731
processes,2784
(sdlc),92
consultancy,968
"distribution,",1210
"designing,",1159
­­,3896
"multiwebsite,",2383
stored,3398
jdbc,1990
(merchandising),68
helped,1704
cross-functional,1036
get,1607
apply,506
response,2996
(currently,25
engineer,1331
it,1949
"interactions,",1898
overview,2587
(india),50
joined,2012
take,3511
infotech,1853
corresponding,1010
(master,66
swift.,3484
objective:,2478
atg10.2,572
laundering,2078
"service,",3179
test.,3569
"belgium,",662
designer.,1157
1st,180
"maven,",2237
jconsole,1989
consulting).,973
same.,3064
"(osb),",77
10+,163
customers.,1063
tecosim,3556
data.,1083
students,3435
backend,627
join.,2011
unit,3701
3,223
"phonegap,",2673
delivery,1132
within,3838
aws.,611
"professional,",2801
java,1971
potential,2736
"thinking,",3593
"interaction,",1895
"coherence,",863
arivanantham,535
"structures,databases,algorithms,python,cudac",3426
engine.,1330
developers.,1177
lamp,2063
outset,2582
near,2405
standalone,3370
delivery.,1134
"2004,",197
✍,3929
+,124
findings,1503
engineering,1334
prospects,2840
"retention,",3017
maintain,2182
robust,3032
energy,1324
maximize,2241
tracking,3645
"(android,",8
say,3077
trainee,3652
animation,473
costrategix,1011
results.,3014
tools:,3635
thread,3598
backbone,626
"games,",1586
maximization,2240
allowing,420
network.,2426
9+,305
interfaces.,1907
enthusiast,1356
r2,2896
apps.,519
close,837
"2005,",199
"projects,",2830
own,2590
institute,1876
discovery,1204
thrives,3602
motto.,2355
oops.,2522
obtained,2488
(software,105
bitbucket.,689
judiciously,2034
tolerant,3627
combination,882
fluency,1524
"n-tier,",2403
unique,3700
i'm,1769
on-premise,2507
cerner,798
strategies,3404
bangladesh,642
translation,3660
consultant,970
logistics,2153
"languages,",2069
iptv,1941
administrator,381
mid-senior,2297
means).,2251
heymath-chennai;,1708
frameworks.,1553
team/organization,3532
sure,3478
skill,3255
satisfaction.,3074
authority,592
business.,737
repute.,2974
become,657
mvc,2388
xenmobile,3866
enthusiastic.,1360
emc,1302
ig,1788
experiences).,1434
(from,38
“quality,3915
spanning,3310
xmpp.,3876
tech,3538
"project-management,",2826
them,3583
e,1259
"extraction(nlp),machine",1459
determine,1169
motivated.,2351
"mobility,",2317
understanding,3696
offerings,2497
atg9,573
incuding,1822
that,3578
relationships,2952
horizon,1740
hong,1739
when,3816
collaboration.,871
spl,3329
algorithms/regression,417
culminating,1048
sql),3342
css2,1043
table,3506
"e-commerce,",1261
handling.,1678
continuously.,980
"motivating,",2352
quickly.,2889
top,3636
participate,2612
customer-,1058
helps,1705
octobe,2490
startup.,3377
"spring,",3333
ajax.,411
advancement,389
"c,",751
2007.,201
studio,3436
clearly,828
motivator,2354
repeatable,2965
distinction,1208
dhabi,1190
would,3854
term,3562
jabong.com,1964
"9i,",308
analytics.,456
"jsp,",2033
succeed,3450
sincerity,3237
seasonal,3129
operating,2528
resources,2995
institution,1877
proprietary,2839
(ooad).,74
attended,581
physical,2679
devops,1188
well.,3814
state­of­the­art,3381
bandwidth.,638
stimulating,3393
sap.,3070
trip,3668
processes.,2785
pl/sql.,2690
"sept,2012",3165
hard,1683
diligent,1193
experiment,1435
recommend,2926
"findings,",1504
managers.,2203
bangalore.,641
●,3923
r2/2005/2000.,2897
"systems,",3501
"apis,titanium",489
"plans,",2694
tight,3610
out,2576
snippet,3271
"test-link,",3568
heading,1697
received,2919
tesco,3566
brushing,722
attending,582
feasibility,1483
e–commerce,1463
structure​,3428
leadership,2089
nio,2439
t.,3505
exception,1409
harnessed,1690
lot,2159
"standards-compliant,",3373
vba,3746
used,3724
languages/technologies:,2071
"95/98/xp/vista,",307
.,143
ensure,1349
"industrious,",1844
rates.,2907
developed,1172
"ms-sql,",2364
"bangalore,",640
premier,2750
6+,274
d3,1076
servvice,3195
"vc++,",3749
jindal,1998
facilitating,1470
through,3603
assets.,555
html,1748
stress,3414
developer.,1175
agreed,405
motivation,2353
new,2431
crash,1020
reusability,3020
3-tier,226
mm,2311
languages,2068
senior,3158
•,3919
bitbucket,688
large,2072
applications.,503
demonstrates,1138
approx.,513
javascript,1979
"10.1.1/2,",164
passed,2622
s,3048
analyst/tester,448
ug,3687
library,2111
provide,2848
cassandra,787
comprising,929
"installing,",1874
principles.,2769
following,1533
"applications,",502
"(ioc,",53
activities.,355
believe,663
"2.4/2.5,",188
enable,1309
rtem,3044
capacity,774
achieving,345
understand,3695
emc/rsa.,1303
eye,1462
macos,2175
higher,1719
(management,65
amazon,430
before,659
hierarchy,1714
pl/sql,2688
holds,1736
4.3,251
development:,1184
"it,",1950
expert,1437
~34,3895
objects,2484
i.i.m.t,1771
"linux,",2131
group,1647
"jmeter,",2002
"indexes,",1828
"guy,",1664
solving,3298
"angularjs,",471
individuals.,1840
"on,",2506
showcase,3219
enterprise,1351
gain,1581
"storyboards,",3403
rapidly,2906
based,650
present,2755
resulting,3010
releases.,2958
"knowledge,",2054
domains,1230
conjunction,955
front-end,1561
"(ic),",47
projects,2829
in-house,1812
leveraging,2105
monitoring,2341
groups,1649
"shooting,",3215
systems.,3502
"solver,",3297
grasp,1639
tool,3630
manage,2193
"1.6,",158
post,2735
familiarity,1476
gestures.,1606
sector,3131
exploit,1440
(february,32
cas,780
mutual,2386
gamut,1590
mission,2307
scrum,3115
year.,3883
01st,147
development,1180
making,2191
"react.js,",2912
"worker,",3846
holding,1735
json.,2031
diversify,1213
",",125
webservices.,3805
"functions,",1576
"touch,",3641
requests,2977
algorithms,414
fullest,1565
mechanical,2253
administration,376
2.0,185
sam,3062
"type,",3681
center,795
platforms;,2700
published,2857
"practices,",2743
y,3880
(soap),103
"mediator,",2256
multidisciplinary,2375
offers,2499
increase,1819
javafx,1978
leading,2090
serving,3188
storm,3400
load.,2142
solver,3296
binary,686
goals.,1623
json,2029
fixture,1515
"him,",1725
"mysql,",2401
structuring,3429
retrospective,3019
tieto,3609
expand,1424
(broadband,15
features,1484
"end-to-end,",1319
"domain,",1228
echo,1271
three-member,3601
factory,1472
joining,2014
versed,3757
"requirements,",2982
@,313
"github,",1613
customization,1065
stripes,3417
(social,104
cdd,792
objective-c.,2477
non,2449
spring,3332
"delivery,",1133
2014),215
client-mandated,831
sadbhav,3055
"directors,",1200
protecting,2841
network,2424
iphone/ipad/ipod,1939
activities,354
domains:,1232
<eol>,310
acquisition,348
encompasses,1313
management.,2198
websphere,3810
approximate,514
"(plan,",83
18th,178
germany,1605
1.7,159
autolayouts.,595
sas,3071
mold,2336
"industry,",1846
frame,1547
c.,753
updated,3710
myeclipse6.1,2395
collaborated,866
mobiles/smartphones/tablets,2315
availability,602
cordys(is,1003
manner,2206
"4.x,",258
modelling,2325
clear,827
upgrade,3711
specialization,3318
(ics),48
(objective,71
offsite,2503
companies,901
profile,2807
"professionalism,",2803
satisfaction,3073
paced,2597
porting,2724
bench-marking,667
"installation,",1873
",currency",127
"s2,",3051
languages.,2070
enabling,1312
evaluating,1396
version,3758
scenario.,3088
"7,",287
"4.0/3.5/2.0,",247
involvement,1926
dedication.,1114
reputation,2972
ipaas,1935
stellar,3390
improve,1805
posses,2731
picking,2680
hypervisors,1765
multicore,2374
"wpf,",3855
india,1830
well,3812
"sites,",3248
running,3047
pgdm,2664
imputation,1810
testing,3571
"vision,",3771
sep,3163
software.,3282
"wince,",3830
oracle’s,2549
positions,2728
(using,116
release,2955
desktop,1164
po.,2713
storyboards,3402
ms,2362
member,2265
challenging,810
8+,298
extent.,1456
terms,3564
"gulp,",1662
eager,1265
staying,3386
"learner,",2094
"facebook,",1467
models.,2329
"5.5,",268
enhancement,1338
scientist,3096
working,3848
"asn1,",544
inspector.,1872
mentor,2272
hierarchical,1713
patents,2632
mountain,2357
parsing,2609
its,1955
steel,3389
meaningful,2250
inquisitive,1869
"hadoop,",1671
r&d.,2893
clients,835
mybatis,2394
infosys,1852
tables,3508
include,1815
services).,3184
e-learning,1262
collaborative,872
going,1624
deadlines.,1101
junior,2038
ameliorate,434
implementation,1796
opportunity.,2538
performed,2652
"cloud,",841
"commitment,",889
san).,3068
teams,3534
concepts.,939
UNK,0
bootstrap.,702
something,3301
help,1703
location,2144
pim/pcm,2683
dr.,1239
striving,3419
"zookeeper,",3894
",advance",126
api),484
window,3831
jenkins,1994
c#.net,745
optimizing,2543
currently,1052
strongly,3421
internship,1915
over-achieving,2584
netscaler.,2423
achievement,344
scjp),3101
vmware.,3782
engaged,1325
visualisation,3773
vm,3778
"rebranding,",2918
jasmine.,1970
hit,1730
linear,2124
interest,1900
medium.,2258
viz.,3777
june,2037
both,706
"ordering,",2552
had,1669
"ability,",319
long-term,2156
bharti,682
"infrastructure,",1857
uml.,3692
deep,1115
ldap.,2084
"developer,",1174
honeywell,1738
mrp,2361
commercial,887
strictly,3416
ip/mpls,1934
our,2575
procurement,2788
sql.,3344
​mysql​,3904
"injection,",1864
months,2347
databases.,1088
south,3304
steady,3388
outgoing,2578
draw,1240
january,1969
cs),1038
"silverlight,",3228
ant,476
"reviews,",3025
petrochemical,2662
hardware,1686
unilever,3699
php,2676
results,3011
netscaler,2422
loyola,2164
intelligence,1887
lg,2106
aml,436
●code,3925
upstream,3714
accelerating,329
continuity,977
intern,1909
kanban.,2043
multi,2368
stack.,3363
"b.sc.,",619
join,2010
mould,2356
exposure,1448
subsystem.,3446
skills.,3261
os.,2570
mysql,2400
codes,859
"scalable,",3081
foundation,1546
idea.,1779
project,2824
robot,3031
self-motivated,3148
"cursors,",1055
facebook,1466
analyze,457
tangoe,3516
"l&t,",2061
employer.,1308
computers,932
monitoring.,2343
logic,2149
practice,2740
10,162
repository,2969
configuration,949
regulations,2943
suite.,3461
coupled,1016
architecture,525
qualified,2877
integra,1880
store.,3397
indexing.,1829
/,145
trends,3664
sysops,3495
front,1560
allows,421
"availability,",603
5.0,263
currency,1050
"customization,",1066
"problem-solving,",2776
aggressive,400
"representation,",2970
competently,913
trends.,3665
dec,1106
self,3145
creatively,1029
(fmw),35
traffickers,3651
"servlets,",3194
big,684
db,1097
growth.,1655
ui,3688
r&d,2892
middleware,2298
"methodologies,",2283
accessible.,335
desired,1162
"deploying,",1144
drive,1244
"apis,",488
assimilate,559
"drawing,",1241
locations.,2145
perspectives,2661
simulation,3233
"websites,",3808
jersey,1996
firewall,1507
manager,2201
troubleshooting,3672
cross-platform,1037
gained,1582
webservice,3804
honed,1737
executing,1413
finding,1502
health,1698
techniques.,3544
pvt,2867
scheduler,3092
division,1214
appreciated,508
restful,3005
stages,3366
"participation,",2614
set,3197
creation,1024
c#.net.,747
adaptation,360
scope.,3103
tackle,3510
"baselines,",651
asia,543
through.,3604
speech,3324
outliers,2579
towards,3643
hence,1706
cluster,846
assurance,565
(dmrc),28
services,3181
information,1851
aspire,550
coordinator,998
"11g,",172
deliveries,1129
"mvc,",2390
jquery.,2022
module,2333
deployments.,1147
scenario,3086
bare,648
blogs,696
part,2611
gprs,1630
port,2721
job’s,2009
2,181
scientist/,3098
"configurations,",951
api’s.,491
success.,3452
discussion,1205
appreciations,509
practices.,2744
effectively.,1283
appium.,494
"servers,",3175
methodology.,2287
web-based,3801
"(pca,",81
2011–,210
mr,2360
passenger.,2623
thorough,3596
"oojs,",2519
sqlite3,3350
exciting,1411
performer,2653
"develop,",1171
"qualities,",2879
acceptance,331
stabilize,3361
involving,1928
switches,3487
"compliance,",923
xibs,3870
till,3611
the,3581
street,3411
"language,",2066
myself.,2397
excellence.,1407
increases,1820
significantly,3225
sprints,3338
"database,",1085
packet,2600
zenith,3892
been,658
windows,3832
9,304
"research,",2987
practices:,2745
products.,2798
taking,3512
"associate,",563
etc..,1389
partition.,2616
cocoa,853
twitter,3678
git.,1611
",parallel",129
functionalities,1571
html5,1751
(please,85
5yrs.,272
profile:,2808
ads.,387
"hosting,",1742
outperform,2580
internal,1911
"modifications,",2330
initially.,1859
"cache,",757
most,2349
"chain),",806
range,2904
scada,3078
resolving,2991
support,3471
healthy,1701
avid,605
headhunted,1696
ibatis.,1774
shell,3211
tools,3633
bgw,681
xmpp,3875
player,2703
arab,522
career.,777
them.,3584
"online,",2513
successfully,3454
3.8,237
computer,931
planning.,2693
lifecycle,2117
executive,1416
"initiatives,",1863
suite,3460
ample,438
upcoming,3708
"bootstrap,",701
browser,720
insurance,1878
uml,3691
core),1005
forward,1545
"meetings,",2264
plus,2712
xenapp,3864
modules,2334
it/network,1951
"storyboarding,",3401
analysis/design,445
me:,2249
authentication,590
"administration),",377
(ps,86
demonstrations.,1140
8.x.,302
payment,2641
hardworking,1688
experiences,1433
functional,1569
social,3277
"1.0/1.2/2.0,",152
"generation,",1601
research-related,2988
"filtering,",1498
"blogs,",697
"mind,",2303
"server,",3171
contact,974
versions,3759
types,3682
reporting,2968
interface,1904
world.,3852
almost,423
"drawings,",1242
"10.8,",166
java/j2ee,1975
faridabad,1478
delhi,1122
pune.,2860
preparation,2751
"procedure,",2779
appliances,496
"xsd,",3878
amount,437
c,742
look,2157
conductive,946
"xenmobile,",3867
accomplishments,339
"troubleshoot,",3671
service,3177
jqgrid,2017
xendesktop,3865
ruby,3046
angularjs,470
product,2792
b.tech(i.t),621
adjust,372
educational,1280
sigma,3222
"7.0,",288
services.,3186
"maintenance,",2187
note,2455
representing,2971
simplified,3231
level,2101
manner.,2207
situations,3250
this,3595
performing,2654
result,3007
(scrum),89
"lead,",2086
primary,2765
facets,1469
(html5/phonegap).,45
newer,2432
datacenters,1089
node.js,2442
pixel,2687
layer1,2081
written,3858
without,3839
total,3639
"modelling,",2326
trouble,3669
cloud,840
"maryland,",2228
behalf,660
continued,976
driven,1245
mining,2305
director,1198
symbiotic,3491
functionality.,1574
done.,1234
may,2243
equifax,1372
hibernate,1710
oral,2550
excel,1403
cordys,1002
cycle),1074
am,429
"sales,",3058
,3952
focused,1529
matter,2236
"positive,",2730
iterative,1953
mar,2219
microfinance,2295
flexible.,1521
processing,2786
party,2621
"script,",3109
practical,2739
extensively.,1455
"mongodb,",2340
acquired,347
prove,2846
r,2890
web/ui/ux,3803
(fmc),34
debugging,1103
spark),3312
colleagues,874
bottom,707
confident,948
"m.sc.,",2173
hockeyapp,1734
aspects,549
bulk,734
trainings.,3656
friendly,1558
scjp,3100
cordova,1001
services),3182
1.9,161
accelerator(b2b/b2c/telco).,330
hyperv,1764
benefits,670
skilfully,3254
certified.,802
thus,3606
libraries.,2110
times.,3618
​years,3907
carrier,778
loving,2162
css,1040
3.6,235
apple,495
closely,838
phases,2666
"3,",225
archana,523
concerns,941
jolad,2015
high-,1716
tata,3523
"negotiation,",2414
beans,655
metro,2291
s.,3050
have,3943
hilti.,1724
utilized,3732
ltd.,2167
compact,900
purposes.,2862
management,2195
insurance.,1879
automated,597
challenges,808
issue,1944
quick,2886
python/django,2871
ideas,1780
quickly,2887
last,2075
j,1959
legal,2098
tableau,3507
many,2213
cases,784
"goals,",1622
each,1264
"receivers,",2920
portal,2722
strive,3418
(six-sigma),99
talented,3514
(like,64
api,483
objects.,2486
upto2.4.1,3716
self-,3146
analysis,441
other,2573
interval,1918
"hipaa,",1727
mscripts,2365
"grid,",1645
weka,3811
sss,3359
(adc),6
here,1707
successful,3453
defects,1118
case),782
concurrency,943
c/c++,754
"documentation,",1219
date),1092
"support,",3472
stb,3387
"smoke,",3268
college.,881
anti,478
pig,2681
spheres,3326
"xml,",3872
proper,2838
:,309
articulate,539
implemented,1801
service),3178
articulates,540
february,1487
"libssl,",2112
sole,3285
platforms,2698
total,3949
9.8,3939
session,3196
support.,3473
also,426
ce,794
confluence.,954
"phi,",2669
"master,",2231
uk,3689
"sql,",3343
pvt.,2868
about,321
"ado.net,",383
"promotion,",2836
"researching,",2990
win,3829
"programming,",2817
promoted,2834
aug-2012,588
team-management,3528
messaging,2277
lover,2161
"vmware,",3781
action.,351
"rest,",3004
qa,2872
converging,993
defined,1120
conducting,945
search.,3128
"computing,ivr",934
preparing,2754
jan,1967
"3.0),",227
company’s,907
thereby,3586
cross-cultural,1035
experience,3948
promising,2833
usa,3718
7+,286
"clustering,",849
web,3799
good,1626
deliver,1123
hardening,1684
functions.,1577
utilizing,3734
layer,2080
❏,3930
phantom,2665
during,1252
team.,3531
"symbian,",3490
"pl/sql,",2689
amicus,435
"analytical,",452
"bigdata,",685
4.1,248
"fun,",1568
client/server,834
an,439
customers,1061
csc.,1039
"debugging,",1104
"mantas,",2208
infrastructure,1856
(b2c,13
oracle,2546
"algorithms,",415
conceptual,940
"monitoring,",2342
"result-oriented,",3009
acumen,356
soap,3274
(automation),10
websites.,3809
at,568
xcode,3860
junits.,2042
produce,2790
sql%bulk_exception,3341
personal,2658
5.5,267
2008,202
"servlet,",3191
"work,",3842
check,817
several,3204
path,2634
excellence,1405
"visuals,",3776
"lite,",2139
presently,2760
​saas,3906
"thesis,",3588
nosql,2451
patterns).,2637
"conferences,",947
researcher,2989
naukri.com,2404
resttemplate),3006
cxf,1072
,3934
"center,",796
such,3455
spark,3311
requirements,2981
proficiency,2805
clustering,848
disseminate,1207
trade,3647
"aws,",610
enhancing,1341
(oop),76
"scripts,",3113
skill.,3256
metasploits.,2278
extraction.,1461
providers,2850
atmosphere,576
>,312
music,2385
"jquerymobile,",2023
fresher.,1557
"(nas,",70
ashok,542
scala,3079
company's,904
aspiring,551
fixed,1511
send,3157
mvvm,2392
entity,1363
(file,33
,3946
"merging,",2276
way,3792
objective-c,2476
relocate,2962
masters,2232
gathering,1594
jaxb,1984
web-apis,3800
6.5,278
“programming,3914
​jquery​.,3903
bring,716
positing,2726
office,2500
knowledge,2053
"nexpose,",2434
systems,3500
networking,2427
speaking,3314
"xcode,",3861
money,2337
transport,3661
node,2441
admin,373
4.4,253
track,3644
"android/linux,",466
"ssis,",3355
requiring,2985
innovative,1867
(south,106
stakeholder,3367
areas,532
"prototyping,",2845
"(pyspark),",87
"oozie,",2523
banking,645
plsql,2710
scripting.,3112
pay,2640
embargo,1300
projects.,2832
desk).,1163
change,812
150+,177
"neo4j,",2417
world-class,3851
"assurance,",566
material,2234
",uttar-pradesh.",133
primarily,2764
deploy,1142
interaction.,1896
4.0.3,246
"situation,",3249
share,3207
"strategy,",3407
nt,2463
programmer.),2815
october,2491
"php,",2677
"plc,",2709
devices.,1187
"iphone,",1938
"operations,",2532
1.6),157
partition,2615
refactoring,2936
servlet,3190
clients.,836
employee,1305
acquire,346
(gpa,42
mbed,2245
6,273
problem,2773
"collecting,",876
"people,",2645
pipeline,2685
ide.,1778
worker,3845
"mft,",2293
sound,3302
“can,3912
engineers,1336
area,531
end-end,1318
78%,296
"(server,",96
sdk.,3121
early,1266
jenkins.,1995
startups,3378
pipelines,2686
tdd,3524
above,322
cycle.,1075
progressing,2820
sqlite.,3349
learn,2091
2004,196
"fully,",1567
generation,1600
unified,3698
"deployment,",1146
handled,1676
coding,860
database.,1086
browser),721
parallel,2603
adroitent,386
sencha,3156
spain,3308
team,3526
problem-solving,2775
websites,3807
custom,1056
regression,2940
mongodb,2338
gradle,1634
stores,3399
on-the-job,2509
onsite/offshore,2516
learning.,2097
rails,2900
"storage,",3395
seek,3140
jakarta,1966
chain,805
continuous,978
5+,261
"sip,",3242
roles.,3036
package,2598
interaction,1894
seo.,3162
resource,2992
rail,2899
"c++,",749
"bugzilla,",726
now,2462
related,2945
distributor,1211
issues.,1947
myself:,2398
corporation,1009
vdopia,3751
indifferent,1834
focusing,1530
-data,140
wiki.,3825
supervisory,3468
"implementation/troubleshooting,",1800
relative,2954
independent,1823
audio,585
"phases,",2667
"sumologic,",3465
report.,2967
form,1540
improvement,1806
nurturing,2468
ux,3735
korea,2058
significant,3224
initiation,1860
"ant,",477
approaches,511
especially,1379
azure.,614
apps,516
vector,3752
as,541
heights,1702
graphics,1638
industries,1843
proven,2847
thought,3597
opentext),2527
consulting,972
combined,883
qa),2873
u.p.t.u,3685
"triggers,",3667
​object,3905
logical,2152
meerut,2259
(stlc).,111
methodically,2280
controllers,989
i.t.,1772
"cocoa,",854
"ssrs,",3357
software/it,3283
taste,3522
out),2577
already.,425
make,2190
retail,3015
listen,2136
"team,",3527
programmer.,2814
setup,3203
exhibiting,1420
approach,510
profiling,2810
standards,3372
"proactive,",2772
2003,195
10.7,165
adherence,370
classification,825
certified,801
,3933
adroit,385
nginx/apache,2436
"technology,",3554
applications,501
realize,2916
cdh,793
utilize,3730
blockseek,695
insights,1871
method,2279
great,1641
statistical,3382
line,2123
contributor,984
swift,3483
handling,1677
rdbms,2909
spirit.,3328
intelligent,1888
atos,577
"complex,",921
on,2505
integration,1884
jira,1999
obtain,2487
website,3806
project.,2828
via,3761
"hardworking,",1689
development.,1183
100%,168
"hbase,",1694
bootstrap,700
rich,3028
sincere,3236
large-scale,2073
purchasing,2861
(cart,17
modules.,2335
"ltd.,",2169
efforts,1290
4,241
summer,3464
"nodejs,",2445
…,3920
scwcd,3118
"factory,",1473
"rest),",3002
"sprint,",3337
communicative,895
mapreduce,2216
galaxy,1584
programmer,2813
on.,2510
induction,1841
sqlite,3345
teamwork,3536
constantly,965
regular,2942
integration.,1886
hyderabad,1763
synopsis,3493
aditi,371
"sqlite,plist",3348
seeking,3141
css3,1044
"domains,",1231
"disk,",1206
infoview,1855
financial,1501
summary:,3463
​3.5+,3897
skills),3259
serve,3169
deeper,1116
pune,2859
"ha,",1668
capabilities.,771
",text",132
"vba,",3747
process,2782
blob,694
developer,1173
study,3439
data”,1090
owning,2593
sur-40,3477
key,2049
hypotheses,1766
depth,1148
intern.,1910
orm,2567
(ooa/ood).,73
gradation,1632
"procedures,",2781
4.x,257
perform,2648
teach,3525
"hive,",1732
cisco,823
v,3736
"performance,",2650
6.0,276
c++.,750
india.,1831
(dabc),26
personally.,2660
"sdk,",3120
no-sql,2440
imports,1804
fortune,1544
jsp,2032
"agreement,",406
competencies,910
offer,2495
"strategies,",3405
subsystems,3447
"controls,",991
swiftly,3485
partners/clients,2620
players;,2707
"security,",3136
san,3067
fair,1474
script,3108
log,2146
gd,1597
fixing.,1514
talk,3515
branches,710
sep-2012,3164
conducted,944
"scanner,",3085
seamlessly,3126
experince,1436
could,1013
(jsp,58
initiative,1861
leader,2087
orientation.,2563
collating,873
undertake,3697
aop,480
high,1715
"company,",905
chat,816
player.,2706
collaboration,869
pattern.,2635
we,3798
me,2247
getting,1608
implementation.,1799
years​,3887
hires,1728
mutually,2387
"profiling,",2811
protocols.,2844
not,2454
servers.,3176
architecture.,527
adding,365
aspect,548
web,3950
strict,3415
"development,",1182
six,3251
individual.,1836
hpov.,1745
libraries,2109
size,3252
bank,644
wireless,3834
offline,2501
enjoy,1342
model,2321
whole,3821
"struts,",3431
"analytic,",450
"mitigations,",2309
got,1629
doing,1225
"elasticsearch,",1294
technology),3553
see,3139
(cross-browser,24
",xml",136
"rails,",2901
industry/domain:,1848
"entities,",1362
chennai,820
intro,1922
2008/2010,204
"flexible,",1520
"redux,",2934
technologies-mumbai;,3550
in-depth,3944
saas,3053
"currently,",1053
present),2756
core,1004
interpersonal,1916
"collections,",878
year,3882
sharpening,3210
(pgd-wimc),82
specifications,3322
short,3216
"us,",3717
ipad,1936
operational,2530
"usable,",3721
ibatis,1773
valid,3738
designing.,1160
map,2214
m,2172
"chaid),",804
5.x,271
writing,3857
bfsi/us,680
industrial,1842
blackberry.,691
screening,3106
(tdd).,114
equipped,1373
strengths,3413
works,3849
"view,",3763
goal-oriented,1619
"communication,",894
lifecycle.,2118
principals/methodologies,2767
changing,814
"branching,",711
"well-organized,",3813
siterecoverymanager,3246
facility.,1471
shared.,3208
recognize,2923
document,1215
"case,",783
progressive,2822
guidelines,1659
campaign,764
"studio,gpu",3437
"patterns,",2638
techniques,3542
assisting,561
gap,1591
stakeholders,3368
methodologies,2282
methodlogies,2281
explores,1443
"years,",3885
"hdfs,",1695
worth,3853
cutting,1070
adas,363
ide’s,1785
programs,2819
pressure.,2762
karnataka,2045
flurry,1527
technology,3552
real-world,2915
triggers,3666
agile,401
"sqoop,",3352
blacklisted,692
complex,920
real,2913
keen,2046
role,3034
rewarding,3027
r&a,2891
relations.,2950
linux/open,2133
kinds,2050
python,2869
"jdbc,",1991
pocs,2714
markets,2225
belt,666
apac,481
"problem-solver,",2774
(followed,36
"project,",2825
communicating,892
"cases,",785
(web,117
"application,",499
idoc,1786
strong,3420
downstream,1236
recognized,2924
deploying,1143
7.x/8.x,294
extensions,1452
"excel,",1404
beyond,679
"screening,",3107
issues.,1948
openlite.,2525
“outside,3913
processing.,2787
"quickly,",2888
world,3850
efficient,1286
gateway),1593
team-work,3530
"training,",3654
security.,3137
"7.2,",290
vxworks,3785
struts1,3432
guis,1661
boost,698
do”,1237
2010,205
2015,218
apis.,490
"organization,",2555
fast-paced,1481
