bhaijan,1067
sai,3054
padmini,2771
sport,3215
5187-l,162
adhaans,512
byouth,1167
kills,2158
annabelle,935
ad3314_262,492
c334,1169
modesty-7,2428
abad2000101,305
heather,1861
vidi,3481
brown,1150
oxolloxo,2598
nun,2559
k005-m,2111
ak17416_394,643
ishop,1974
size,3155
al1051,880
ak26017s-01,740
shyie,3149
bleu,1093
hunk,1930
company,1306
hsbero052,1919
nation,2480
ruggers,3037
wedding,3576
maitri,2332
argyle,958
ejebo,1495
polyplast,2868
al1024,854
tag-7,3301
aba000126,276
hc0002al,1848
misslyn,2402
usd,3431
jk4761,2060
pyja01,2910
bloomun,1098
(ascm-011_black_free,22
ac0114_97,331
jk4744,2052
enfield,1521
ak26117xl-01,745
ac16316_152,381
in,1946
pixie,2843
noti,2545
deyann,1413
wb00312,3553
p174,2646
al1022,852
a056beige-s,225
yepme,3631
ac10514_110,343
aurro,992
republic,2982
"nida,",2519
lybp82,2279
minty,2398
c,1168
lyra,2317
/,41
7see,196
11217-abaya,93
akn4314_515,822
ac1314_130,363
ac16616_160,390
converse,1313
sandalo,3062
akn4214_511,818
ak1914_428,683
chelsea,1237
wb00306,3550
jk4739_purple,2047
phashion,2828
ndpr80[2],2499
giftsmate,1746
trinity,3372
d52,1364
ak17316_387,636
desi,1403
al1009,839
abad2000103,307
el,1497
ac16616_162,391
big,1073
ac19917s,396
',3
carnival,1200
melluha,2383
abhi,320
peter,2822
jersey,2005
p301,2693
p344,2721
slim,3179
kohana,2173
chavez,1232
hardplay,1835
sblys001,3077
guy,1813
fabrics,1576
wb00334,3558
corduroy,1317
ac13414_133,366
1410,113
a-line,219
piya,2844
ak16317s,618
patiala,2798
femmora,1613
ak6014_481,788
filmax,1625
spykar,3220
sareeshop,3070
rope,3021
cee,1213
sheath,3118
arrest,964
yonex,3636
ac7014_206,434
girls,1750
tsedb1475,3389
eab-a-12518,1480
eab-a-12512,1475
cherokee,1239
ad3314_260,490
pokemon,2856
ak11914_300,555
abad2000105,309
abad1000106,302
moda,2419
ac10814_112,345
vastrgrah,3460
ac16216_148,378
custom,1358
pdezaart,2804
red,2971
breeze,1143
ak1814_426,671
ak15916_362,610
long,2261
wb00315,3554
"cotton,",1322
vihi,3482
quiero,2919
showoff,3145
porter,2872
hypernation,1935
akn4414_520,826
finesse,1630
ak0414_280,534
paradise,2785
ak17716_403,652
p303,2694
dude,1463
ac7814_214,442
x,3618
aakrithi,247
kritika,2184
jk4785,2065
"woven,",3610
amari,917
creation,1339
ak15616_349,598
m,2320
mxbs0012,2464
pi,2830
sportsman,3218
pitara,2842
sunrise,3267
tube,3393
lc,2217
canterbury,1187
ac3114_177,407
global,1757
a089grey-m,235
nrsgfbrk-011,2550
a089maroon-l,237
aba000143,293
vpositive,3507
aba000118,269
aaila,246
american-elm,921
"moss,",2444
lzard,2319
modesty-6,2427
aba000138,288
ico,1939
"slim,",3180
ndp84,2496
coduroy,1286
tanunni,3307
rattrap,2956
ak8614_505,811
"lecra,",2225
kappa,2131
collection,1292
vogue,3503
nakoda,2477
lyga14[2],2305
swim,3287
opinion,2584
accu-chek,466
secret,3091
star,3226
birds,1079
by,1166
ultra,3410
wb00143,3534
arabian,951
checkers,1235
zacharias,3649
ac16116_143,375
(mm002_black_free,32
raa,2926
wow,3611
leezone,2228
purple,2905
harbor,1833
ndnslvdes001,2494
nirvana,2531
shopping,3140
lovisa,2269
glitz,1756
18toeightys,117
paridhan,2789
junk,2099
ak17916_411,659
comix,1304
french,1690
hap,1831
swisscott,3288
bodyactive,1115
locomotive,2258
metronaut,2390
abad1000102,299
hanu,1830
ac15717s,374
turtle,3399
stand,3225
oh,2566
al1019,849
p200,2659
halogen,1821
ak1914_427,682
steadman,3231
abito,325
aditi,514
hive91,1885
fabnfab,1573
freckles,1687
online,2576
wb131,3568
trendsnu,3364
vibinvegas,3478
angel,929
p298,2691
"crystal,",1353
ether,1537
sheetalassociates,3120
nomad,2541
mamosa,2336
11219-abaya,94
protex,2899
nayyara,2487
eab-a-12524,1483
leggings,2230
hl0150-xl,1892
"gold,",1767
sfflindia,3103
ak17416_392,641
deevineeti,1390
rasso,2954
ad,484
street,3243
leebazone,2227
gallery,1715
al1023,853
p259,2680
shopdoze,3132
indi,1948
police,2857
jockey,2085
ac3514_179,409
waistcoat,3516
all,910
sailor,3055
ak5014_471,778
kurti,2191
p357,2732
sfa,3102
relaxed,2978
ml587beige-m,2414
belomoda,1056
al1042,872
ndtopd001,2500
a089,230
(as2-005_black_free,11
ad2914_257,487
out,2592
aba000129,279
nishiva,2532
multicolor,2456
embellish,1510
jihuzur,2011
naitik,2476
natty,2482
yash,3626
jk4739_darkviolet,2045
reme,2980
stylogue,3253
ak5114_477,784
ap'pulse,941
101-14_13,57
ml061-l,2406
with,3595
breatsted,1142
abad2000108,311
hotpants,1903
kittons,2165
navy,2485
ac1314_131,364
alfa,906
frenemy,1692
ac0214_100,333
zido,3659
mirror,2400
2016-1b,129
rastogi,2955
pleatted,2850
ak1814_424,670
polycrepe,2863
ac16916_164,393
look,2262
lead,2221
aaduki,242
isweven,1976
moss,2443
p141,2625
"formal,",1679
jk4782_red,2061
keep,2146
msm,2451
999,213
(as2-002,8
cotton,1321
ak6214_484,791
saba,3048
arcticplus,956
cp,1329
"solid,",3199
ac7614_210,438
wb00332,3557
ak4814_465,772
essence,1533
ac13414_132,365
greenhouse,1792
eab-a-12515,1477
(3/4,6
heusen,1866
razio,2962
pantoff,2781
ak17716_404,653
xcrox,3619
sonu,3202
kopyneko,2177
speedo,3212
syr,3290
biyu,1083
"embroidered,",1516
dive,1436
navex,2484
hkfbw01,1888
comfort,1299
avenue,999
ac3514_181,411
ml061b-l,2411
drap,1448
pyjama,2911
mds,2373
fadrin,1580
baremoda,1025
tripr,3373
gsb,1799
dusterz,1467
ac10814_115,348
arise,960
ak0914_284,540
nrsgfbrk-012,2551
royce,3032
p317,2703
suit:,3261
femme,1612
zaributi,3651
p363,2738
indigo,1954
jollify,2090
kiez,2156
a089beige-s,233
wb00291,3544
fireage,1637
mystere,2467
63-14_70,178
trendbae,3361
banarasiya,1018
73-14_80,193
wb00024,3529
sakhi,3057
ak17816_410,658
fck-3,1603
woll,3597
fastcolors,1599
philippe,2829
al1002,832
taylor,3315
ac9214_230,458
yaari,3625
p269,2682
a089beige-m,232
domyos,1443
p360,2735
fashmad,1596
knit,2171
krapal,2182
ak16016_363,611
p133,2620
al1064,893
pride,2886
fasha,1585
aba000106,259
rigo,2998
mr,2448
psk,2902
106-14_21,65
parx,2796
ac6714_202,430
vape,3452
p288,2683
coffee,1287
vbuyz,3461
jazz,1995
p143,2626
aba000141,291
cotten,1318
883,201
awg,1003
06-14_2,45
highstar,1872
mystry,2468
fashionista,1589
cenizas,1221
fleximaa,1656
bird,1078
pantof,2780
lykcemr01,2308
aurelia,991
v,3435
milano,2393
care,1195
ac0114_98,332
you,3638
eurekaa,1540
darzaania,1374
k002,2107
jk4737,2042
beetle,1047
james,1990
power,2875
ethnic,1539
urbane,3428
impex,1944
miss,2401
texco,3326
al1016,846
ac2114_171,401
saffron,3052
women,3599
ak22117s,712
kashana,2136
round,3027
capri,1189
bay,1033
rocks,3014
jk4609,2029
jump,2098
active,483
got,1779
ac9214_229,457
opalinas,2582
interlock,1966
19031-abaya-2,120
ffungus,1618
uzee,3434
aiyaary,529
ac12414_121,354
saclone,3050
ak2314_433,722
van,3447
p164,2639
both11,1127
elly,1509
smart,3182
ac8414_223,451
06-14_3,46
route,3028
tiered,3340
aba000124,274
hifashionkart,1868
(mm004_black_free,34
ad9014_278,507
magneto,2326
p090,2608
ak15516_343,592
m&f,2322
ac3114_178,408
gant,1721
lycera,2290
skoosh,3166
scott,3083
rodamo,3015
eavan,1488
umbrella,3411
from,1698
ak25317,730
girl's,1749
ninety,2529
glam,1752
elegore,1501
ak15916_359,607
skyline,3170
eab-a-12507,1472
germany,1738
vici,3479
blue-s,1108
pop,2871
duenite,1464
kay,2140
masha,2363
wear,3573
finz,1633
tuf,3394
polka,2859
al1038,868
ak19517,689
pathani,2797
addyvero,511
rayon,2961
crudly,1350
yuvraah,3645
49-14_60,159
kurta,2190
p098,2611
dawn,1378
ac1414_141,372
hangup,1829
modo,2432
rj,3005
originals,2588
19039-abaya-2,125
jk4790,2072
lycrc,2302
yms,3633
old,2569
lycne71,2297
lykelslvbs01,2312
moderno,2422
inner,1962
modesty-2,2425
ac9214_227,455
teri,3322
thabyz,3330
vostro,3504
chase,1230
tashi,3312
reevolution,2976
summercool,3265
av,995
meandfashion,2376
rene,2981
ak12814_318,570
humbert,1929
hitler,1884
raymond,2960
p135,2621
jk4791,2073
ak2414_435,724
ac8014_222,450
lyvnd001,2318
formal,1678
ak2814_444,751
ewn0026,1559
p204,2662
ac16316_153,382
debenhams,1385
illuzion,1942
114-14_38,103
chino,1255
110-14_28,71
shoponbit,3136
saankhya,3045
al1026,856
t-shirt,3294
akn4314_518,825
cream,1336
p421,2761
pure,2904
p260,2681
future,1711
good,1770
aquatic,950
ak11514_292,547
b-tuf,1010
jade,1985
half,1820
iralzo,1970
al1054,883
ak2814_446,753
obeo,2562
clu,1279
thor,3336
p415,2756
aarr,251
skegging,3159
casual,1204
fever,1616
jk4787_offwhite,2069
ak12214_307,561
kalenji,2126
kvsfab,2194
al1025,855
ak20817,701
ak26017xl-01,741
roadster,3008
jk4743,2051
le,2220
neo,2506
rewa,2986
zavlin,3653
tsedb1443xxl,3386
soch,3191
noir,2540
gaurangi,1730
purplicious,2907
bare,1024
spangel,3209
rpj,3033
uber,3409
19036-abaya-2,123
harbour,1834
queen,2916
kazamakraft,2141
petipack,2823
regular,2977
kalwhtlac001-1,2129
rakshita,2943
ach2214_244,472
vivid,3497
allen,911
lappel,2206
awack,1002
top,3349
embroidered,1515
flavia,1653
ak1014_290,545
wills,3589
rex,2987
prateek,2880
legis,2231
frbp82[2],1685
ak21817s,709
jk4754,2058
fitz,1643
ak4014_461,768
jk4609_beige,2030
clips,1271
tooba,3348
ak07714,538
ml061-ss,2410
"party,",2794
ebony,1490
p190,2653
p,2599
ncy,2488
semantic,3095
scenestealer,3080
ac7014_205,433
kirli,2162
al1046,876
r.j.,2925
che,1233
ak6514_491,798
p193,2656
dark,1372
ak18317,673
bohobi,1117
flavor,1654
bazaar,1034
rakho,2942
zaada,3648
p354,2729
hc0014a,1854
110-14_29,72
nehru,2505
ak15416_342,591
rg,2990
abaya,313
tight,3341
trumpet,3383
ak17716_405,654
73-14_79,192
berries,1062
ak8614_503,809
aba002dabefli,296
2day,142
thread,3337
ak2814_439,746
ak11514_293,548
25-14_47,138
benetton,1058
ak25917m-01,735
p314,2700
p205,2663
ak15516_345,594
writer,3615
tadka,3300
eldrino,1499
ndcutc001,2490
pants,2782
ivory,1978
motocult,2445
zoe,3668
veni,3469
lydwl01,2304
(jd-005_black_free,27
jwf,2106
super,3268
ak20517,698
kisah,2163
sarfira,3071
fashion,1586
shivam,3129
soie,3196
relaxmood,2979
like,2246
ac13114_127,360
kothari,2178
calcium,1175
about,326
ac10914_116,349
ak15816_357,605
shivalika,3128
hsbstg065a,1921
dubai,1461
ewb0027,1552
ak5114_476,783
wool,3604
the,3332
comic,1301
63-14_69,177
blisstone,1096
hooded,1896
ac10814_113,346
pari,2787
peptrends,2814
kardashian,2132
butterfly,1163
65-14,181
p161,2637
abiti,324
(as2-006_black_free,12
a089beige-l,231
107-14_26,69
p093,2609
ak15316_338,587
ak6514_492,799
al,829
shoppertree,3139
khaki,2152
sadatapan,3051
lycgp70[2],2295
99-14_92,210
palakh,2775
ac2114_172,402
leana,2223
sake,3056
nike,2525
aba000137,287
jk4725,2032
ak5014_472,779
br,1134
aba000140,290
slice,3178
weft,3578
bonjour,1121
jk4760,2059
al1021,851
being,1052
hightide,1873
tulip,3395
stone,3236
shop,3130
hij000305,1878
areum,957
p405,2750
gallop,1716
concepts,1310
p145,2628
jk4787,2067
manasvi,2339
rockhard,3013
filmy,1626
ziyaa,3665
green-s,1791
houndstooth,1907
lycfo77,2291
champion,1227
ak1714_379,627
p351,2726
devhim,1412
athelete,980
"silver,",3151
106-14_23,67
ansh,938
gurukripa,1812
gohandicraft,1765
hl0150,1890
alive,909
bindigasm's,1077
koolpals,2176
and,926
kinger,2160
ak14414_329,581
ac10214_106,339
p335,2714
ajile,530
guru,1811
faballey,1570
kaanchie,2119
91,203
florrie,1662
zeppellin,3656
bongio,1120
a070grey,227
p422,2762
indo,1956
ak21517s,707
ndpr80,2498
shape,3111
ach9114_252,479
ak2814_445,752
ac10514_111,344
aba000113,264
p015-m,2601
xpose,3623
blouson,1101
stitched,3234
neck,2501
wb100,3564
ak1914_430,685
(navy),38
spiritus,3214
authority,994
darzi,1375
se00311198,3085
darrys,1373
bengal,1060
night,2522
al1066,895
maniac,2344
finch,1628
ac9614_237,464
liner,2251
wb00132,3533
ak17816_407,656
2016-1m,131
zorchee,3673
"yellow,",3630
bossify,1126
ten,3321
high,1869
new,2509
aba000134,284
ak2814_440,747
hawk,1844
ak22717s,718
suvasana,3276
kritika's,2185
lycc01,2281
ak3614_452,759
hardys,1837
himgiri,1882
sweety,3286
pinwheel,2840
kmb,2169
ac2014_170,399
taaruush,3296
hawai,1843
sutra,3275
jk4747,2055
santa,3064
5187-m,163
poyester,2876
cherry,1240
outdoor,2593
always,913
ruse,3040
urban,3426
ak02714,532
livener,2256
goplay,1776
shreeji,3147
abaya_008,315
ewb0001,1545
t,3292
aba000103,256
ak11514_291,546
81-14_84,198
vacna,3442
p233,2672
crstal,1349
p352,2727
ac9514_233,460
lya1kal001,2277
33-14,150
tab91,3298
showman,3144
hilfiger,1880
funky,1708
jk4588,2024
embok,1514
applique,947
infotech,1959
routeen,3029
a056,221
meril,2387
rock,3010
jerkin,2003
101-14_12,56
al1027,857
ac7914_216,444
nancy,2478
frontslit,1700
61-14_64,172
11194-abaya,75
ak17616_402,650
rangsthali,2950
large,2207
anry,937
jk4725_turqouise,2034
bedazzle,1045
73-14_82,195
monica,2438
ad8914_274,503
decot,1387
hrikshika,1912
blu,1103
lykdnbs001,2310
ak16016_366,613
jk4590,2026
rickyy,2993
ak0414_279,533
wb00302,3549
restless,2983
ak1014_289,544
p234,2673
aba000128,278
25-14_50,141
randier,2946
jaunestore,1993
ac7814_213,441
boxer,1130
aba000102,255
baarbij,1012
femella,1611
"maroon,",2356
manq,2346
neelsfashion,2502
11199-abaya,79
hangout,1828
plus,2852
ak9714_507,813
p203,2661
vanessa,3450
ashdan,971
kalaa,2125
abad2000102,306
(jd-008_black_free,29
lady,2200
crystal,1352
colors,1298
cemrd01,1220
p022,2602
green,1787
(jd-007_black_free,28
melange,2382
dil-bk-sb,1427
control,1312
lp,2273
pantaloons,2779
p347,2723
skookie,3165
guys,1814
71-14_77,190
military,2394
lazer,2216
"denim,",1398
p236,2675
hij000304,1877
anmi,934
flared,1651
ac7914_218,446
hps,1911
ak11614_298,553
quality,2914
vlook,3501
(ascm-003_black_free,15
pant,2777
parka,2792
final,1627
isadora,1972
newyorks,2513
hunter,1931
ak3714_455,762
trishaa,3376
k005-xl,2112
al1041,871
ad3314_261,491
krazzy,2183
august,990
'n',5
srota,3222
99-14_93,211
polyknit,2867
goswhit,1778
sapro,3068
unclad,3413
"blue,",1105
crop,1345
06-14_4,47
hottribes,1906
shift,3123
karmic,2133
mango,2343
aedi,517
skin,3160
ml061-g,2405
missy,2403
nfc,2516
firdose,1634
ak8514_499,805
47-14_59,157
mocking,2418
ak0414_281,535
avenster,998
love,2268
wexford,3584
"brown,",1151
11195-abaya,76
hij000302,1875
jeetenterprises,2001
blueyes,1111
tarama,3310
burdy,1160
ac12414_123,356
dolphin,1442
talkies,3303
ac5741_186,415
your,3640
ak12814_315,568
rebozo,2969
trading,3356
",chiffon",40
shopolics,3135
aba000123,273
date,1377
ms,2450
vividh,3498
crape,1332
raabta,2927
editlook,1493
ac6714_199,428
house,1909
ak11914_299,554
drapes,1449
ml587beige-s,2415
lionize,2253
ach1114_241,470
gritstones,1798
competition,1307
absorbing,327
goodtry,1772
hc0002as,1850
welo,3580
perfect,2816
machine,2323
basix,1030
eyelet,1566
p409,2751
ak14414_328,580
"burka,",1161
ak6014_482,789
ac10514_109,342
be-beu,1039
ak6414_490,797
lycaft001-1,2280
ac1414_140,371
vetrokart,3476
ak17416_393,642
ach1114_242,471
lycgans001,2292
hsb029hb,1916
woods,3602
p390,2745
ac2114_173,403
0-degree,42
woody,3603
p329,2709
p222,2669
ml061-m,2407
reem,2975
cayman,1207
121-14_42,109
frgp83,1695
th,3329
infinite,1958
99-14_94,212
walvet|soft,3519
lux,2275
zest,3657
hsb034hb,1917
attire,985
scullers,3084
india,1949
abida,323
apratim,948
woolen,3605
muhenera,2455
on,2572
highlander,1870
febric,1608
zombom,3671
ak17216_386,634
p218,2666
3122xl,145
dresses,1454
cliths,1272
akn4214_512,819
steps,3232
p195,2658
rd,2968
hc00012a,1846
daredevils,1371
boat,1114
heart,1860
al1001,831
bjazzy,1084
vener,3468
abad1000104,300
horse,1899
71-14_76,189
arv,967
f,1568
jisb,2013
martin,2357
ad9014_277,506
divva,1438
skorts,3168
rampwalk,2945
slazenger,3171
dezaart,1414
duty,1468
ml587brown-m,2416
al1055,884
na,2473
shine,3125
burqa,1162
pepperika,2812
emblazon,1513
pre,2882
ak3714_457,764
"orange,",2586
jk4579,2020
cottinfab,1319
yashodhara,3627
styzon,3257
ac10914_118,351
kaaya,2120
benetton.,1059
p356,2731
grey,1794
ben,1057
ak21617s,708
uptownielite,3425
rock.it,3011
mangal,2342
p132,2619
vivendi,3496
cystal,1361
design,1405
wb00298,3548
paranoid,2786
sea,3088
white,3586
vector,3463
crazevilla,1334
maroon,2355
bprtvgld001,1133
chain,1224
shawl,3117
66,182
ak17316_388,637
wild,3588
wasan,3525
code,1285
bewakoof,1064
mynte,2466
justkartit,2104
71-14_78,191
buynewtrend,1165
rooliums,3020
tinted,3344
tantra,3306
tu,3392
pie,2832
100-14_10,53
hc0020a,1856
so,3189
walker,3518
crown,1347
estance,1535
pms,2855
full,1706
a056-s,223
dress,1452
al1067,896
b228,1011
chashma,1231
decathlon,1386
ak18116_419,665
ak2814_442,749
joven,2093
dee,1388
antilia,940
vastrasutra,3459
aba000139,289
flamboyant,1648
wb112,3566
textiles,3327
wd2121,3571
p396,2748
99-14_91,209
"black,",1086
aba003rab,297
try,3384
difference,1421
eves,1544
peplum,2811
nika,2524
fashions,1592
47-14_58,156
sanwara,3066
gives,1751
checkered,1234
virgostreet,3491
al1005,835
culture,1357
jk4784,2064
spex,3213
al1061,890
roses,3024
jk4786,2066
lycngem,2298
bravezi,1137
gugi,1805
ativo,983
p310,2698
romper,3019
104-14_16,60
pinky,2839
"lycra,",2301
young,3639
11198-abaya,78
ezone,1567
rapphael,2951
nimegh,2527
wars,3524
al1048,878
21,134
jk4738,2043
hanes,1827
jebsroo,2000
woowzerz,3606
ak22817s,719
dryzee,1458
abad2000104,308
ach1114_240,469
pout,2874
ak12514_313,566
ewb0028,1553
aara,249
kimbley,2159
19028-abaya-2,118
aba000136,286
levi's,2237
lifetime,2244
alc,904
england,1522
quotient,2923
aba000131,281
fobia,1670
enterprises,1525
yasmin,3628
al1052,881
southcity,3206
ewn0017,1554
doors,1444
lycdp[4],2287
ac5741_183,413
ac7614_207,435
dhrohar,1417
ach1114_239,468
canary,1185
hip,1883
chief,1247
izod,1981
pencil,2808
kastiel,2138
jk4795,2078
ak4814_464,771
(ascm-007_black_free,18
p334,2713
sleeve,3172
ak12814_316,569
aba000142,292
camouflage,1183
ftc,1703
p156,2634
rinkoo,3000
printemps,2893
captor,1193
p411,2753
shorts,3142
ak18917,679
wb00228,3537
ace,467
even,1543
abhiyuthan,322
ml587brown-ss,2417
dollar,1441
john,2087
ac6614_198,427
lambency,2202
ak12214_310,564
men,2384
frore,1701
shivabhi's,3127
al1033,863
glambing,1753
nomano,2542
ak06817,537
p171,2643
tullis,3396
ac2014_168,398
ad8714_263,493
ak7214_495,802
dil-bk-np,1423
p191,2654
33-14_55,151
al1060,889
lycmp70,2296
mainsa,2331
low,2270
la,2197
vaidiki,3444
ak7214_497,804
carrol,1202
blink,1094
exports,1564
flur,1666
p173,2645
ac16514,384
abaya_3,317
gudlook,1802
go,1763
ak2414_438,727
wake,3517
"pink,",2836
hsbero052a,1920
fanideaz,1584
p163,2638
suitson,3263
paisley,2773
akn4314_516,823
candy,1186
clothing,1276
gujari,1806
shopperstyle,3138
ak1614_368,615
paridhaan,2788
p430,2769
ac16316_151,380
riding,2997
ac16516_155,385
synthetic,3289
family,1583
vero,3470
forever,1677
stylus,3256
meher,2381
tom,3346
admiral,515
amasree,918
stark,3227
aks,828
mokshi,2435
ml061-s,2409
ragazza,2933
nagru,2475
gudlu,1803
tees,3319
ak26117s-01,744
damler,1368
g,1712
trend,3360
jk4745_new,2053
642,180
"sleevs,",3176
play,2847
11210-abaya,87
yes,3632
xee',3621
p165,2640
nrsgfbrk-014,2553
bainsons,1016
matt,2367
ak5014_474,781
killer,2157
tamizhanda,3304
jk4589,2025
ak18717,677
p138,2623
hashtag,1842
dblacmc01,1381
metcare,2389
tommy,3347
meet,2378
unisopent,3418
milan,2392
91-14_90,207
harvest,1841
christy,1259
ak13514_326,578
ewn0023,1557
ak12214_309,563
"blazer,",1091
amante,916
crosscreek,1346
grey-m,1796
gangh,1720
collins,1295
make,2333
prayyan,2881
trendfull,3362
marvel,2360
ad8914_271,500
alibi,907
ac0114_95,329
rzlecort,3042
finger's,1631
ak2814_441,748
chill,1253
plus91,2853
globus,1759
hd-ab00305-s,1859
sanvi,3065
ottoman,2591
114-14_39,104
roadies,3007
magic,2324
11220-abaya,95
cooper,1316
blue-l,1106
collgiatestore,1294
veronique,3471
49-14_62,161
tape,3308
lapes,2205
ak17616_401,649
cargos,1197
ac16916_166,395
stitches,3235
jk4493,2019
glory,1761
ak1711_375,623
ewb0015,1549
print,2889
cut,1359
umbro,3412
ak22017s,711
ad8714_264,494
9rasa,214
wishful,3593
(ascm-006_black_free,17
ak18116_420,666
ak22517s,716
p389,2744
ach2214_245,473
aba000115,266
fashion16,1587
kids,2155
ac7014_203,431
enterprise,1524
ak1711_376,624
ak18016_415,661
ak17016_371,619
divaa,1435
ak11614_297,552
cap,1188
desigirl,1404
wb00271,3541
imported,1945
arrow,965
fabdeals,1571
xee,3620
trotters,3379
pink-m,2837
kaftan,2122
layered,2215
91-14_87,204
gown,1781
distressed,1433
ak1214_304,559
atm,984
globalrang,1758
irin,1971
nrsgfbrk-015,2554
kira,2161
embellished,1511
salwar,3059
axmann,1005
hejabiya,1862
krizler,2186
jk4739_brown,2044
lace,2199
bermuda,1061
eab-a-12510,1474
ac13414_134,367
dad,1366
adam,508
p289,2684
marex,2352
johnnie,2088
slenor,3177
hotfits,1901
iheart,1940
harpa,1838
spur,3219
wrangler,3612
ach3414_247,475
ak5114_478,785
hours,1908
around,963
aba000135,285
hl0150-l,1891
al1004,834
ac16916_163,392
ayan,1008
again,521
11206-abaya,84
srw,3223
products,2897
sportigo,3216
mudrika,2453
sayitloud,3076
08-14_7,50
meoby,2386
se00311209,3087
attire4ever,986
aayu,254
"green,",1788
flying,1667
that,3331
wb111,3565
one,2574
pede,2807
wax,3528
charm,1229
jones,2091
atulya,989
#name?,1
c334.xl,1171
abhishti,321
ghpc,1744
abaya_08,316
slumber,3181
104-14_19,63
amadore,915
"soft,",3194
unique,3417
lgc,2239
ac5914_191,420
ak17216_385,633
a056-m,222
dare2b,1370
blazer,1090
k008-xl,2117
lee,2226
ac13414_135,368
p345,2722
ak25217,729
my,2465
ak15216_333,583
feelblue,1610
riverhill,3002
coupe',1325
bruzone,1152
ad3314_259,489
al1069,898
sassy,3073
crocks,1344
community,1305
aba000119,270
muslimkart,2461
trail,3358
ak15416_340,589
vea,3462
lykra,2314
teej,3316
blue,1104
ac8414_226,454
studio,3247
al1071,900
designer,1407
forceman,1675
button,1164
ewn0022,1556
91-14_89,206
(as2-003,9
szovet,3291
manyavar,2349
scarves,3078
alisha,908
haya,1845
marusthali,2359
civil,1263
ak3714_458,765
zoravie,3672
teesort,3320
v.,3437
skort,3167
legging,2229
aafra,244
ak13514_323,575
ac16216_149,379
celio,1216
wisstler,3594
"printed,",2892
p157,2635
p122,2616
khatoon,2153
lykklbacb01,2313
n101,2471
ac16116_144,376
ak1614_367,614
status,3230
eab-a-12525,1484
revo,2985
cold,1289
ewb0020,1551
ndpr79,2497
(as2-004,10
ak11514_294,549
martini,2358
shringaar,3148
villain,3485
nexx,2515
bis,1080
ziera,3660
arts,966
selected,3092
kd,2143
riders,2995
ak21317,705
ac13614_139,370
rpu,3034
cemb,1218
indicolours,1951
pavitra,2803
p339,2718
clovia,1278
chkokko,1256
fashionstylus,1594
apc,942
104-14_17,61
ac3514_180,410
hj6818bm,1886
pratamika,2879
ak25417,731
bumchum,1157
njs,2538
eazy,1489
fabulloso,1577
66-14_72,184
"l,zard",2196
jk4788,2070
"beige,",1051
lyccwhtlac001,2285
muscle,2460
ndfp001,2492
flirt,1658
11204-abaya,82
ak21417,706
lafantar,2201
kdb001,2144
men's,2385
19030-abaya-2,119
modi,2429
back,1013
semi,3096
aba000132,282
surji,3272
jill,2012
7,188
p414,2755
p355,2730
dressberry,1453
suitltd,3262
bomber,1119
av2,996
kheyaliboutique,2154
nishu,2534
queen's,2917
p320,2706
p425,2765
v.dot,3438
121-14_43,110
kaamastra,2118
19038-abaya-2,124
pickurs,2831
wolf,3596
p144,2627
finivo,1632
(as2-008_black_free,14
platinum,2846
ak13314_321,573
life,2242
blues,1109
al1029,859
franclo,1683
american,920
flap,1649
ak6014_479,786
al1047,877
ehaani,1494
bfly,1066
click,1270
waist,3515
beauriful,1042
ac9514_234,461
shaurya-f,3116
craft,1330
makhkha,2334
outlook,2596
jk4360,2014
bebo,1044
ac0314_103,336
quick,2918
brishti,1144
lycp70,2299
conway,1314
ac0214_102,334
p316,2702
sojanya,3197
sera,3097
clear,1267
ach9114_254,481
se00311202,3086
triraj,3374
tregging,3359
p184,2649
galis,1714
gap,1722
lewel,2238
icable,1938
p152,2632
quechua,2915
sweetiepie,3285
trendmakerz,3363
nrsgfbrk-017,2555
teemoods,3317
63-14_67,175
woven,3609
5228-l,166
raaika,2928
69gal,187
ak18116_421,667
athena,981
2016-gg,133
tribes,3370
skirts,3164
jbn,1996
ac10914_119,352
ac9514_232,459
vivids,3499
11211-abaya,88
abad1000109,304
ak4814_466,773
eye,1565
mahisfashions,2330
mayloz,2369
feather,1607
ak6014_480,787
ac6614_197,426
hc0009a,1853
wb00275,3542
u.s.,3407
drop,1455
calvin,1180
chevron,1243
deivee,1394
ak1214_303,558
genius18,1733
aba000114,265
capri-bubble,1190
fabus,1578
ac16516_156,386
fck3,1604
leaf,2222
chik,1250
yuvi,3644
ac5814_187,416
kash,2135
wb00054,3530
arch,952
11201-abaya,80
urbana,3427
vego,3465
flaunt,1652
ak25617,733
henley,1864
camo,1182
story,3240
ac1414_142,373
four,1681
rccc001,2964
fashion2wear,1588
p353,2728
ad2914_258,488
moff,2433
(mm003_black_free,33
al1008,838
fizzaro,1645
jealous,1997
mesh,2388
hoor,1897
bodycon,1116
sizzlacious,3157
arimz,959
(ascm-010_black_free,21
ak25017,728
ak1714_381,629
v3squared,3439
beatles,1041
mofoxury,2434
ash&roh,970
jt,2095
polyster,2869
kenneth,2148
asymetric,979
marco,2351
61-14_63,171
super-x,3269
addiction,510
ay8702-10,1006
kataan,2139
11205-abaya,83
2,127
ak8614_504,810
alx,914
ashiti,972
louis,2266
hiclass,1867
medium,2377
denim,1397
jk4801,2083
vil,3483
izinc,1980
zotw,3675
me,2374
49-14,158
size),3156
ak25917xl-01,737
batman,1031
news,2511
glamocharms,1755
nite,2535
length,2234
bella,1053
ak5114_475,782
jns,2084
m&d,2321
ak2814_443,750
kashibo,2137
nifty,2521
handicrafts,1825
p361,2736
shaftesbury,3109
wb00263,3540
w,3512
mxbs001,2463
disney,1432
belle,1054
ak20317,696
paint,2772
women's,3600
neon-9,2507
momin,2436
export,1563
pret,2884
(jd-009_black_free,30
p136,2622
expo,1562
kalka,2127
duke,1465
nova,2548
rich,2992
ghiffon,1743
shopybucket,3141
nida,2518
amiyra,922
maks,2335
cherymoya,1241
lycra,2300
19040-abaya-2,126
baggy,1015
know,2172
adidas,513
eab-a-12505,1471
grace,1782
rnlev001,3006
ac7914_215,443
100-14_11,54
jk4726,2035
neva,2508
karyn,2134
fabica,1572
ak0414_282,536
bourgeois,1129
bitterlime,1082
aba000121,271
"sleeveless,",3175
begone,1049
front,1699
essentials,1534
fitright,1642
"multicolor,",2457
fashioto,1595
gespo,1740
free,1688
fashionitz,1590
ac5814_190,419
jayesh,1994
jai,1986
(ascm-016_black_free,23
ak4014_462,769
vardhman,3453
chikan,1251
k002-l,2108
notyetbyus,2546
sweekash,3283
hrithik,1914
under,3414
swarg,3280
ewn0020,1555
abc,318
poshuis,2873
zoire,3669
stylish,3250
pescis,2821
al1017,847
lycgp70,2294
biba,1072
fine,1629
spa,3208
ac7614_208,436
sassafras,3072
jk4609_brown,2031
adbucks,509
ak11614_296,551
truerevo,3381
p319,2705
dobby,1439
ak11914_302,557
p187,2652
ak4914_467,774
ak15916_361,609
ewb0010,1546
man,2337
weardo,3574
thinline,3333
yukth,3643
shemrock,3121
rute,3041
(as2-007_black_free,13
61-14_66,174
trackpant,3354
collar,1291
jk4730,2037
rangriti,2949
puma,2903
libas,2240
ac1314_128,361
dungaree,1466
ndnwgb001,2495
fairdeals,1582
vanheusen,3451
taken,3302
omtex,2571
ac10814_114,347
ewn0025,1558
47-14_56,154
superdry,3270
p337,2716
frenchtrendz,1691
paavni,2770
nivia,2536
pezzava,2824
onn,2578
manchester,2340
epg,1528
mudo,2452
hudson,1923
al1013,843
skirt,3163
p254,2679
p248,2677
wb00345,3561
colorblock,1297
clemente,1268
p194,2657
ak4814_463,770
indiegirl,1952
49-14_61,160
brcommunication,1138
damen,1367
leinwand,2232
hugme.fashion,1925
cc66,1209
ak11614_295,550
gum,1808
cabeza,1173
gag,1713
bandhan,1021
mindsart,2397
ngt,2517
vanca,3448
two,3402
band,1019
a070grey-m,229
newport,2510
ac16516_158,388
rakshita's,2944
flare,1650
ejoty,1496
diesel,1420
shades,3108
modal,2420
ak17316_390,639
twins,3401
p076,2605
k002-xl,2109
organisation,2587
jhoomar,2010
jk4364,2016
inspire,1964
self,3093
tarry,3311
soundarya,3204
amora,923
al1011,841
a056beige-m,224
lycgl001,2293
ak15516_344,593
wb00278,3543
p309,2697
leather,2224
purvaja,2908
inmark,1961
jainsons,1987
aeropostale,518
al1043,873
zebu,3655
jhon,2009
de'moda,1383
hc0002am,1849
blends,1092
gym,1815
culotte,1354
ak4014_460,767
rajpari,2940
monte,2440
vhitz,3477
oshano,2589
t10,3295
beevee,1048
ocean,2563
1141capri_ice,106
64-14,179
friskers,1696
krafts,2181
of,2565
silver,3150
jk4489,2018
leonardi,2235
ak18617,676
jsck,2094
barbarik,1023
race,2932
jk4582,2022
ampm,924
livato,2255
14-14_44,112
aaral,250
ak3614_453,760
jk4792,2074
waikiki,3514
ak3714_456,763
running,3039
ak15416_341,590
mantra,2348
p341,2719
ndndkal001,2493
"purple,",2906
edberry,1492
pinafore,2834
eab-a-12503,1470
3,144
bbuvprt001,1036
aba000111,262
trendy,3365
hc0001a,1847
lavos,2212
aginos,523
color,1296
protext,2900
nex,2514
players,2848
clodentity,1275
110-14_30,73
rolling,3018
hells,1863
viscose,3492
ewb0017,1550
11221-abaya,96
hupper,1932
roving,3030
ac5814_188,417
oer,2564
aba000105,258
113-14_32,97
fog,1672
ak9714_509,815
mr.kameej,2449
p094,2610
aethon,519
p192,2655
svanik,3277
jk4742,2050
kotty,2179
linen,2250
challenger,1225
plutus,2854
quilted,2921
u&f,3405
ac8014_220,448
smarty,3184
anfold,928
timbre,3343
marine,2353
courien,1326
p089,2607
first,1638
scatchite,3079
ak15816_356,604
ac20217s,400
ak20017,693
ad9014_275,504
camey,1181
fashionmyntra,1591
p039,2603
ak19317,687
crazora,1335
ac9214_228,456
p226,2670
jk4725_navyblue,2033
klein,2167
v-neck,3436
p318,2704
nomkler,2543
hkmc002,1889
vartul,3455
solid,3198
viral,3489
k005-l,2110
suit,3260
fort,1680
oxford,2597
world,3608
5228-m,167
wb123,3567
"striped,",3245
appeal,946
breasted,1141
viva,3495
p051,2604
hc0002axs,1852
hij000303,1876
yogue,3635
labartry,2198
al1050,879
dolce,1440
ak19617,690
rosebella,3023
ruf,3036
p153,2633
ac13114_126,359
ak20117,694
ac1314_129,362
nx,2561
besiva,1063
on-vers,2573
lycc56[2],2283
ak9714_508,814
istri,1975
rasleela,2953
p385,2740
munt,2458
vixenwrap,3500
empire,1518
breakbounce,1139
deal,1384
tights,3342
gupta,1810
coat,1283
nanggia,2479
(mm008_black_free,36
compression,1308
bad,1014
creation's,1340
element,1502
soft,3193
justb,2102
ruhaan's,3038
honey,1895
clivemont,1273
dot,1445
hot,1900
al1065,894
rajasthan,2938
singhal,3153
ausehen,993
tasrika,3313
abaya-7bl,314
klorophyl,2168
wb00319,3555
al1036,866
dharohar,1416
ac6614_196,425
vasavi,3456
associates,977
81-14_85,199
p178,2647
100-14_9,55
diva,1434
p151,2631
nik,2523
i-voc,1937
vintage,3488
swag,3278
tycon,3403
sahas,3053
aba0002abea,295
ed,1491
indian,1950
purys,2909
c334.xxl,1172
ac9614_235,462
geometric,1734
swaggy,3279
armour,961
stop,3238
ak2914_450,757
quiksilver,2920
saarvi,3047
aba000116,267
town,3352
wb00075,3532
ts,3385
warrior,3523
antario,939
vastraa,3457
garmadian,1724
pinkcity,2838
marami,2350
handloom-palace,1826
ac6614_195,424
poliystor,2858
florentyne,1661
ewb0011,1547
pattern,2799
raw,2957
people,2809
ac12414_122,355
dfh,1415
ac5741_185,414
fasnoya,1597
66-14_71,183
ad8814_269,498
square,3221
u.s.elk,3408
enterprices,1523
ak18817,678
fastr,1600
shahana,3110
p166,2641
archiecs,955
p101,2613
gmi,1762
aba000109,261
asb,969
balance,1017
rabiya,2930
p011,2600
gold,1766
08-14_6,49
bootilicous,1123
ac10214_107,340
mgv,2391
&,2
advi,516
fashionscrapbook,1593
ay8752-10,1007
apnisha,943
p416,2757
panit,2776
p179,2648
abdul,319
jack,1983
mansicollections,2347
focus,1671
govil,1780
sweetheart,3284
anderson,927
vaanya,3440
tsedb1464,3387
"casual,",1205
lycem001,2288
cc3f,1208
al1032,862
ac10214_105,338
'n,4
vr,3508
p321,2707
al1056,885
shree,3146
vami,3446
eab-a-12509,1473
ziva,3663
j21,1982
western,3582
jk4789,2071
lycc02,2282
choice,1258
animal,931
party,2793
prince,2888
vvoguish,3511
inblue,1947
phalgun,2827
flags,1647
al1037,867
fiesta,1621
ac5914_194,423
sunoindia,3266
lyccem72,2284
p220,2668
comfortable,1300
ak15716_354,603
fcg02,1602
tulsattva,3397
rajrang,2941
tab,3297
arzaan,968
aagaman,245
11209-abaya,86
fast,1598
harringbone,1839
p426,2766
elevate,1504
line,2249
broomstick,1149
al1040,870
jk4734,2039
p116,2614
asst,978
kytngb001,2195
couture,1327
hijab,1879
rainbow,2937
oshea,2590
n2creations,2472
shaan,3106
ak18016_416,662
ak6214_485,792
clo,1274
uptownie,3424
force,1674
ak1711_377,625
basic,1028
bsquare,1154
kaizen,2124
chiffon,1248
bottoms,1128
thisrupt,3335
nu,2556
p125,2618
sky,3169
ak15716_353,602
cfg001,1222
p297,2690
virasat,3490
11196-abaya,77
sweater,3281
sapper,3067
belmarsh,1055
hugo,1926
s,3043
kaftank,2123
fugazee,1705
pleated,2849
kitket,2164
p124,2617
ak2314_432,721
westwood,3583
khadio,2151
nrsgfbrk-013,2552
deeksha,1389
dacoit,1365
ak6414_487,794
tandul,3305
k006,2113
eab-a-12517,1479
british,1145
deezeno,1392
riya,3004
treskka,3368
jk4587,2023
goldcartz,1768
vodka,3502
ak17516_398,646
modish,2430
hp-111-ch,1910
londonhouze,2260
ccdb69[2],1211
aba000144,294
shopee,3133
chetna,1242
bltpsngld001,1102
jk4750,2056
deplo,1400
sleeveless,3174
single,3154
ac16616_159,389
sofias,3192
work,3607
p185,2650
apparels,945
ak17016_373,621
jk4736,2041
ak6514_494,801
25-14_49,140
jk4783,2063
styleinsta,3249
ak8614_506,812
trufit,3382
international,1967
q-rious,2912
y,3624
wb00150,3535
tribal,3369
devam,1411
satin,3074
p291,2686
youthen,3641
p342,2720
black,1085
mode,2421
prankster,2878
usa,3430
masirah,2364
solognac,3201
"chiffon,",1249
crownkart,1348
p148,2629
bloos,1099
azone,1009
lie,2241
boy,1131
"shorts,",3143
ac9614_236,463
loop,2264
stylist,3251
jk4799,2081
121-14_41,108
anouk,936
shopaholic,3131
bumchums,1158
zink,3662
11212-abaya,89
u-neck,3406
starz,3228
bandage,1020
gudi,1801
xny,3622
serene,3098
ach3414_250,478
(ascm-008_black_free,19
threads,3338
ceil,1215
vastramay,3458
trosure,3378
ahika,526
rajindras,2939
fille,1624
bluestone,1110
ewb0014,1548
lifestyle,2243
oora,2581
magnet,2325
abad1000108,303
41,153
ak17516_397,645
19035-abaya-2,122
halowishes,1823
chica,1245
ashtag,973
raas,2929
ak18217,672
cem75,1217
ak12214_308,562
hubberholme,1922
cult,1356
jugend,2096
_black_free,217
calgari,1176
a,218
fnocks,1668
ac13614_137,369
hothy,1902
chimpaaanzee,1254
ach3414_248,476
outfitters,2595
ak4014_459,766
poly,2861
hrx,1915
aba000108,260
axcellence,1004
saara,3046
this,3334
akn4214_514,821
collections,1293
ml061b-s,2413
chevron/zig,1244
ac5914_192,421
k008-m,2116
wd2123,3572
fifty,1622
dc,1382
ad8914_273,502
muscke,2459
ak14414_327,579
ac8414_224,452
al1031,861
abad1000105,301
ak17216_384,632
ak19717,691
ahhaaaa,525
ccdb69[3],1212
suchos,3259
fila,1623
designs,1409
winston,3592
p299,2692
ac3114_175,405
set,3099
ach3414_249,477
aika,527
upperclass,3423
ak17016_372,620
vide,3480
gulmohar,1807
lime,2248
a089grey-l,234
fritzberg,1697
08-14_5,48
clothvilla,1277
riwaaz,3003
riddhi,2994
"satin,",3075
warm,3522
lycem77,2289
born,1125
ak0914_283,539
n,2469
newyork,2512
store,3239
evam,1542
nuteez,2560
park,2791
11216-abaya,92
triveni,3377
gift,1745
16m9627,115
papsara,2784
p117,2615
veera,3464
jangoboy,1992
"polyster,",2870
modista,2431
maxi,2368
mcr,2372
united,3419
jean,1998
traders,3355
ak2914_449,756
be,1038
a-okay,220
eab-a-12501,1469
al1020,850
jk4787_green,2068
5187-xl,164
barari,1022
georgette,1736
14-14,111
al1045,875
lingo,2252
bdow,1037
drapz,1450
rabiyacollection,2931
ak19417,688
cool,1315
roller,3017
a070grey-l,228
jk4731,2038
c334.small,1170
(ascm-004_black_free,16
griffel,1797
luxe,2276
leto,2236
ac13114_125,358
sweatshirt,3282
qalamkari,2913
bawari,1032
rain,2936
touch,3351
mchenry,2371
akn4314_517,824
ikat,1941
warlock,3521
al1034,864
cottom,1320
konners,2174
keech,2145
escrow,1530
trendyfrog,3366
al1035,865
5th,169
turst,3398
rawpockets,2958
p420,2760
smartraho,3183
drug,1456
vision,3494
only,2577
shaper,3112
jg,2008
university,3420
ak15616_350,599
feed,1609
ak15716_351,600
bazar,1035
demokrazy,1396
london,2259
wb00336,3559
quo,2922
tactic,3299
block,1097
pink,2835
hcoo8a,1858
goody`s,1774
broadstar,1146
dazzio,1380
ad2914_256,486
"skinny,",3162
ac7814_211,439
ak18016_417,663
blue-m,1107
ranger,2947
it,1977
s9,3044
broken,1147
ak13314_320,572
ac5914_193,422
enchanted,1520
glamio,1754
brooklyn,1148
bhanuja,1068
polyester/p0ly,2866
jaipur,1988
p235,2674
ad2914_255,485
wb00311,3552
ac8414_225,453
summer,3264
orange,2585
rose,3022
athletic,982
yellow,3629
p206,2664
comics,1302
"firdous,",1636
ak22417s,715
vimal,3486
63-14_68,176
blinkin,1095
ak20717,700
manash,2338
zobello,3666
ak3614_454,761
beige,1050
derby,1401
graphic,1785
happy,1832
classic,1264
lykacgkl01,2307
attitude,987
r,2924
"white,",3587
ac7614_209,437
t-base,3293
alcott,905
91-14_88,205
jk4735,2040
captain,1192
ak13514_324,576
grand,1784
county,1324
hartmann,1840
haadi,1817
urbano,3429
perroni,2818
dil-bk-pl,1426
lawson,2214
tsedb1464xl,3388
burbn,1159
duck,1462
tex,3325
ak6214_483,790
wrap,3613
vox,3505
war,3520
chumbak,1261
2go,143
solly,3200
rare,2952
straight,3242
style,3248
seals,3089
hc0023a,1857
hootry,1898
al-nida,830
sharq,3113
p333,2712
47-14_57,155
shopperselite,3137
wash,3526
p387,2742
dimpy,1430
tapered,3309
creations,1341
aroma,962
basics,1029
boohoo,1122
prettysecrets,2885
bee,1046
perryjones,2819
klatch,2166
ak1214_306,560
ak1614_370,617
ak25917s-01,736
al1006,836
blouse,1100
ak2314_431,720
bhartiya,1070
ad8814_267,496
81-14_83,197
bisma,1081
avian,1000
jk4800,2082
al1028,858
p290,2685
fflirtygo,1617
alan,901
invictum,1968
ak0914_285,541
wb00356,3563
fabvilla,1579
"design,",1406
royal,3031
aaryan,252
66-14_74,186
provogue,2901
softrose,3195
state,3229
gilet,1747
garun,1726
shopingfever,3134
p394,2747
"fit,",1641
boqqu,1124
ak1014_288,543
ak1614_369,616
23-14,135
nine,2528
elegance,1500
zeston,3658
ac16516_157,387
thrones,3339
concept,1309
elepants,1503
dil-bk-gc,1422
nouvelle,2547
papillon,2783
vaastra,3441
oleva,2570
me&you,2375
affair,520
highlight,1871
soc,3190
ak22217s,713
noi,2539
al1003,833
ac16316_154,383
vishudh,3493
up,3422
p380,2739
galz,1717
ak6214_486,793
aana,248
vague,3443
floyd,1664
ac12414_120,353
claura,1266
asics,974
ak15916_360,608
ak8514_500,806
p423,2763
p306,2696
ak13314_319,571
wb00294,3545
eprilla,1529
peppytone,2813
ac10914_117,350
colate,1288
parvin,2795
113-14_34,99
dil-bk-pari,1425
al1030,860
fds,1606
prndm,2895
stones,3237
bubble,1155
printed,2891
kushsection,2192
ak1914_429,684
premium,2883
redwood,2973
101-14_14,58
ak20417,697
subu,3258
dry,1457
rocker,3012
18,116
call,1179
striped,3244
rham,2991
eab-a-12514,1476
hill,1881
ak18517,675
ndfopbs001,2491
16-14,114
ak6414_489,796
tribewear,3371
biker,1075
stylo,3252
jk4751,2057
ak17016_374,622
ml061b-m,2412
hustle,1934
ac8014_221,449
chemistry,1238
ac16916_165,394
uspa,3432
p172,2644
jk4739_lightviolet,2046
reya,2989
p149,2630
jk4363,2015
modesty,2424
ak21917s,710
ak15216_332,582
salwarsaloon,3060
modest,2423
p202,2660
indus,1957
z-men,3647
golden,1769
ac7914_217,445
cafley,1174
forest,1676
gatasmay,1728
grafytees,1783
numero,2558
bullseye,1156
yross,3642
shilpkala,3124
ak22317s,714
110-14_31,74
beautiful,1043
d.o.,1363
ac3114_176,406
akn4414_521,827
ak21217,704
(jd-002_black_free,25
ragzo,2935
stripes,3246
integriti,1965
personality,2820
p249,2678
pepe,2810
(mm001_black_free,31
81-14_86,200
p350,2725
sf,3101
abad1000101,298
a089maroon-m,238
"paisley,",2774
elle,1507
pdmrc01,2805
woodrow,3601
emeros,1517
ak2414_436,725
euro,1541
greenviji,1793
p207,2665
5228-xl,168
61-14_65,173
ak26017l-01,738
kook,2175
humaira,1927
unikstop,3415
ring,2999
tsx,3391
p139,2624
vandnam,3449
52,165
gds,1731
p305,2695
firdous,1635
ac8014_219,447
11208-abaya,85
outfits,2594
uno,3421
habits,1818
scoop,3081
selfcare,3094
vpdbaba011bsm,3506
zima,3661
mira,2399
attract,988
onesport,2575
mind,2396
11215-abaya,91
ac7014_204,432
girl,1748
jk4792_beige,2075
black_karachi,1087
superman,3271
pkyc,2845
p338,2717
jogger,2086
neeya,2503
104-14_18,62
100-14,52
varo,3454
alaska,902
p429,2768
pavis,2802
k008-l,2115
lotto,2265
ac2114_174,404
loukut,2267
ak2914_448,755
shirt,3126
p315,2701
ak26117l-01,742
gerua,1739
ac13114_124,357
campus,1184
likely,2247
festive,1614
polycrepe/kashibo,2864
apparel,944
ak2914_447,754
ak4914_470,777
kuons,2188
2016-1,128
ak17316_389,638
zotory,3674
ak21117,703
fusion,1710
jk4369,2017
p362,2737
teen-19,3318
jute,2105
masculino,2362
meets,2379
ak1814_423,669
guevara,1804
nikky,2526
carbon,1194
9teen,215
"grey,",1795
ak15516_346,595
stylum,3255
32-14_54,149
rexburg,2988
ceefor,1214
ak8514_501,807
(stretchable),39
kfdbw01,2149
114-14_36,101
sec.c,3090
ak17916_413,660
cole,1290
ad8814_270,499
woman,3598
ak12514_314,567
notch,2544
aba000104,257
uniqchoice,3416
p229,2671
archer,953
sfine,3104
brandonn,1136
acomharc,482
hardy,1836
meghz,2380
02,43
agarwal,522
looks,2263
al1053,882
ak19117,681
akn4214_513,820
spartan,3211
p359,2734
mufti,2454
cover,1328
coast,1282
fiction,1620
knight,2170
ak19017,680
23-14_46,137
sports,3217
shade-45,3107
frenzy,1693
roshniiks,3026
nowrin,2549
sablani,3049
estrolo,1536
ak17716_406,655
73-14_81,194
designers,1408
dapper,1369
fabrica,1575
ac10514_108,341
last,2209
al1007,837
trendz,3367
rclyp001,2967
chicvilla,1246
a9,240
singaar,3152
mayra,2370
hkfbf01,1887
aacme,241
ridge,2996
zoldy,3670
west,3581
jk4728,2036
innovation,1963
p292,2687
mozri,2447
ad9014_276,505
3concept,152
alpha,912
vskin,3509
2016-1g,130
ac3514_182,412
kamakshi,2130
32-14_53,148
co,1281
akkriti,817
connection,1311
kacey,2121
lykdsgl001,2311
ganga,1719
pause,2801
ac7814_212,440
ojass,2568
08-14_8,51
board,1113
23-14_45,136
perfectfit,2817
al1012,842
winsome,3591
archerz,954
mark,2354
piece,2833
wd2120f,3570
open,2583
hottie,1905
joker,2089
plliyk-01,2851
ak0914_286,542
verve,3474
jk4581,2021
ac0214_99,335
goodwill,1773
terminal,3323
jet,2006
p170,2642
lite,2254
pfcc65,2825
carrel,1201
sampy,3061
snob,3188
kalpatru,2128
"wedding,",3577
wellfitlook,3579
akaas,816
torque,3350
janasya,1991
blackberrys,1088
p336,2715
game,1718
jeans,1999
crap,1331
southbay,3205
nishtha,2533
huetrap,1924
julee,2097
p332,2711
fiber,1619
@499,216
dream,1451
hij000301,1874
jaipuri,1989
wb00261,3539
ak17416_391,640
"print,",2890
exclusive,1560
jk4591,2027
elfross,1505
kraasa,2180
eab-a-12523,1482
caricature,1198
al1015,845
chahat,1223
nd&r,2489
wb00069,3531
gravity,1786
reebok,2974
2016-1mm,132
ach2214_246,474
anku,933
inkovy,1960
eab-az-12502,1485
airways,528
surly,3273
nationwear,2481
n-gal,2470
ak19217,686
bargain,1026
lybfem001,2278
"festive,",1615
jetfire,2007
jk4797,2080
p100,2612
human,1928
sales,3058
zoby,3667
terrain,3324
wd2117,3569
degre,1393
diljeet,1429
hushers,1933
113-14_35,100
lozanoo,2272
classics,1265
douche,1447
breaking,1140
p313,2699
pr??t,2877
lycdp70[3],2286
ak18116_422,668
gloria,1760
vertices,3473
perf,2815
crapgoos,1333
z,3646
eab-a-12520,1481
abstract,328
green-m,1790
al1039,869
more,2442
32-14_51,146
vteens,3510
ak18016_418,664
"red,",2972
vinsaaj,3487
dil-bk-ti-2,1428
firstdate,1639
keepsake,2147
washed,3527
fit,1640
latino,2210
u,3404
ml061-mm,2408
ccdb69,1210
cycling,1360
lemon,2233
favoroski,1601
hc0019k,1855
ak15216_334,584
al1063,892
ad8914_272,501
flower,1663
eagle,1486
i,1936
frozaz,1702
al1014,844
ds,1459
p388,2743
ac2014_167,397
imara,1943
waffle,3513
hc0002axl,1851
wb00297,3547
p391,2746
piping,2841
wrodss,3616
al1058,887
home,1894
seven,3100
11203-abaya,81
rudraaksha,3035
ak15716_352,601
ak1711_378,626
gymboy,1816
wb00258,3538
cottonavenue,1323
ak3614_451,758
fleece,1655
pg3,2826
bigidea,1074
lawman,2213
comicsense,1303
america,919
ac6714_201,429
fdn,1605
66-14_73,185
ak17216_383,631
roboskin,3009
ad8814_268,497
sheetal,3119
scorpius,3082
lower,2271
churidar,1262
eab-a-12516,1478
smokestack,3186
flu,1665
(mm007_black_free,35
billion,1076
p295,2689
p186,2651
strada,3241
jk4592,2028
p418,2758
ethiic,1538
rccc03,2966
boyfriend,1132
ak,531
skater,3158
ggt,1742
justanned,2101
checkersbay,1236
aprique,949
rangmanch,2948
bs100,1153
06-14_1,44
indigen,1953
a070,226
jk4741,2049
1141capri_basic,105
al1070,899
uvr,3433
garments,1725
elitefactor,1506
61,170
ac0114_96,330
mast,2365
pant),2778
georget,1735
wb00296,3546
aba000133,283
divisive,1437
d,1362
jerry,2004
113-14_33,98
p410,2752
al1059,888
culottes,1355
9,202
ac5814_189,418
bharti,1069
p322,2708
day,1379
blush,1112
ld,2219
rb,2963
geum,1741
fomti,1673
clench,1269
wb00341,3560
anarkali,925
aba000125,275
win,3590
jk4746,2054
krossstitch,2187
wraps,3614
k006-xl,2114
"shiffon,",3122
ac9614_238,465
al1044,874
zeal,3654
hsberm053,1918
channel-f,1228
bhopalstop,1071
exit,1561
caliber,1178
negotium,2504
ak25517,732
fourgee,1682
aatmik,253
p419,2759
dennis,1399
nira,2530
kazo,2142
aba000127,277
versatyl,3472
ak7214_496,803
al1068,897
ak6514_493,800
bombay,1118
cobio,1284
light,2245
ak12514_311,565
nayo,2486
whimsical,3585
mix,2404
al1018,848
du,1460
ak17217s,635
kftbaccub01,2150
(jd-003_black_free,26
ak2314_434,723
dinkcart,1431
childkraft,1252
blaze,1089
ankle,932
"embellished,",1512
en,1519
tattva,3314
velvet,3467
sp,3207
ak2414_437,726
lapel,2204
monika,2439
kuvarbafashion,2193
nada,2474
creative,1342
p219,2667
spark,3210
mandarin,2341
green-l,1789
very,3475
shatsu,3114
107-14_27,70
traditional,3357
pro,2896
pdw-1,2806
32-14_52,147
gas,1727
yo,3634
(jd-001_black_free,24
fab,1569
easies,1487
al1010,840
ak20617,699
hrinkar,1913
br37,1135
magson,2329
ak15416_339,588
ak15816_358,606
iwonder,1979
shaun,3115
villagius,3484
25-14_48,139
york,3637
ach9114_253,480
cargo,1196
cation,1206
mood,2441
106-14_22,66
textured,3328
zivame,3664
monarch,2437
wrogn,3617
ak17516_396,644
flippd,1657
indiwest,1955
p158,2636
numbrave,2557
"hotpants,",1904
nautica,2483
crease,1338
ak20217,695
ellemora,1508
polycotton,2862
guard,1800
deewa,1391
121-14_40,107
ak13314_322,574
saree,3069
goodluck,1771
crepe,1343
miller,2395
alba,903
jacket,1984
ak11914_301,556
floral,1660
fizzique,1646
ssmitn,3224
loco,2257
lufaa,2274
base,1027
p397,2749
freedom,1689
roshan,3025
fuego,1704
polo,2860
proline,2898
halter,1824
ooltha,2579
ak25917l-01,734
trisera,3375
ak4914_469,776
espresso,1531
101-14_15,59
stitch,3233
ess,1532
veirdo,3466
entigue,1526
fahrenheit,1581
avigo,1001
sn'c,3187
cali,1177
ak17616_399,647
kupia,2189
chlorophile,1257
lyneth,2315
marwari,2361
p386,2741
ak15616_348,597
suspense,3274
ak1714_382,630
ak5014_473,780
ak21017,702
jk4739_rust,2048
ak26017m-01,739
funny,1709
cemb75[2],1219
sgf,3105
al1062,891
aba000122,272
gear,1732
funku,1707
double,1446
rodid,3016
107-14_24,68
casabella,1203
recap,2970
magnus,2327
desam,1402
delhi,1395
jk4782_turquoise,2062
sml,3185
wb00215,3536
gun,1809
mustard,2462
aady,243
tokyo,3345
lykcpn01,2309
motorcycle,2446
track,3353
p428,2767
wb00329,3556
114-14_37,102
(mm010_black_free,37
justice,2103
frfo85,1694
goswankyy,1777
larwa,2208
aba000117,268
p237,2676
nidha,2520
abad2000106,310
epearl,1527
hoffmen,1893
fabric,1574
ak4914_468,775
11213-abaya,90
five,1644
tsedb1605,3390
angle,930
crux,1351
ak26117m-01,743
reversible,2984
ak16016_365,612
jk4796,2079
sang,3063
ak19917,692
prishasales,2894
ak15316_335,585
paris,2790
gargi,1723
vamas,3445
primeclub,2887
ak17616_400,648
zush,3676
ak15316_336,586
jonney,2092
invictus,1969
gopalvilla,1775
trousers,3380
ahem,524
wb00350,3562
soul,3203
aba000112,263
"cream,",1337
raghbat,2934
ad8714_265,495
dil-bk-np-g,1424
frbnbbel01,1684
nj,2537
carlo,1199
zarkons,3652
club,1280
capri-grey,1191
launcher,2211
magrace,2328
ak17816_409,657
wb00310,3551
polyester,2865
lynwem004,2316
p424,2764
"sleeve,",3173
ak13514_325,577
rccc02,2965
oiin,2567
p358,2733
designz,1410
skinny,3161
lance,2203
ishin,1973
flite,1659
lydb81,2303
foam,1669
oomph,2580
aba000130,280
weaver,3575
beach,1040
diego,1419
p330,2710
ak22617s,717
jegging,2002
eldino,1498
"georgette,",1737
jk4792_white,2077
rayhana,2959
mannequin,2345
ak6414_488,795
al1057,886
jk4792_peach,2076
(as2-001,7
ak1714_380,628
lcrystal,2218
UNK,0
99,208
christy's,1260
p349,2724
god's,1764
modesty-5,2426
a089grey-s,236
a089maroon-s,239
assn,975
assn.,976
heritage,1865
halogenchinos,1822
tuxedo,3400
chaman,1226
ac16116_145,377
p294,2688
freak'n,1686
diaz,1418
ak18417,674
gathered,1729
p413,2754
abad2000109,312
ak17617s,651
zag,3650
ak8514_502,808
just,2100
lygbc45[2],2306
paul,2800
ac10214_104,337
19034-abaya-2,121
106-14_20,64
ak15616_347,596
masterly,2366
dasire,1376
(ascm-009_black_free,20
avaana,997
ripr,3001
stylox,3254
habitude,1819
p087,2606
beyouty,1065
